cid000028871	M01AB
cid000028871	M02AA
cid000002369	C07AB
cid000002369	S01ED
cid000002194	A16AX
cid000042113	N01AB
cid000017676	N05AB
cid000031477	S01ED
cid006918558	G04BD
cid000002202	D05AC
cid000041049	N02AX
cid005462337	A07EC
cid000006526	N05BC
cid000048040	C01BC
cid000028688	R01AA
cid000001979	S01EB
cid000025959	V03AB
cid000001997	C01AA
cid000132999	C01EB
cid000002249	C07AB
cid000004679	A02BC
cid000021751	V08AD
cid000068671	C10AB
cid000071534	A03BB
cid000004649	J04AA
cid053487900	C10AB
cid000062867	N05AC
cid000002771	N06AB
cid000002997	N05BA
cid000004114	D05AD
cid000004114	D05BA
cid000003476	A10BB
cid000003928	J01FF
cid000014520	A05BA
cid000004019	N04AA
cid000034457	L01AA
cid000002805	R05DB
cid000002681	D08AJ
cid000002681	R02AA
cid016683103	S01AX
cid000024470	D08AL
cid000004915	L01XB
cid000062984	A02BA
cid000002816	N05BA
cid000016473	C03BA
cid000004857	J01CA
cid000004195	C01CA
cid003014382	A12CC
cid000040589	N06AB
cid000002016	R02AA
cid000013916	D01AA
cid000003607	A01AB
cid000017557	P01AX
cid051537605	J01AA
cid000014190	N06BX
cid000060814	N01AH
cid000072141	D04AA
cid000068925	D01AC
cid000068925	G01AF
cid000002073	C01BA
cid000003950	L01AD
cid000005902	A03AA
cid000065825	C01BD
cid000003393	N05CD
cid000000271	A12AA
cid000441332	G02AD
cid016213095	B05AA
cid000003750	L01XX
cid000003275	C01DX
cid000005355	N05AL
cid000003932	N06BX
cid000002562	R05DB
cid000072054	G04BD
cid000005748	A03AB
cid000156418	H05BX
cid000123631	L01XE
cid000000702	D08AX
cid000000702	V03AB
cid000000702	V03AZ
cid000005193	N05CA
cid000002658	J01DC
cid000017477	V08AC
cid000003066	N02CA
cid000004913	C01BA
cid000016230	C03DB
cid000003675	N06AF
cid000010413	N01AX
cid000010413	N07XX
cid000000723	D05AX
cid000005402	D01AE
cid000005402	D01BA
cid000004753	N03AX
cid003081884	L03AX
cid000004775	A16AX
cid023663989	M01AX
cid000002803	C02AC
cid000002803	N02CX
cid000002803	S01EA
cid000062705	A01AB
cid000062705	D01AE
cid000001065	C01BA
cid000005342	M04AB
cid000104865	C02KX
cid000014652	A02BX
cid000000823	N07AX
cid000002826	N01BC
cid000002826	R02AD
cid000002826	S01HA
cid000002826	S02DA
cid000005533	N06AX
cid016129620	H01AC
cid016129620	V04CD
cid000050942	R03DA
cid000004476	C10AD
cid000071815	P01AB
cid000003340	C01CA
cid000002226	J01GB
cid000060936	M05BA
cid000004051	M01AC
cid009832423	C10BA
cid000010112	A02AC
cid000010112	A12AA
cid025077993	H01CA
cid006436054	A07AX
cid000071682	N06BA
cid000002763	C10AB
cid000036273	J01CA
cid000002726	N05AA
cid000005668	C04AX
cid000000253	A11HA
cid006918182	M05BX
cid005381226	J04AB
cid000208908	L01XE
cid000039214	L01AD
cid000004043	S01BA
cid000011192	A16AX
cid000005471	J01CA
cid000000864	A16AX
cid000002733	M03BB
cid000000187	S01EB
cid000002548	M02AB
cid000002548	N01BX
cid016129629	J01XX
cid000157688	L01CA
cid000003015	G03HA
cid000010101	N02AB
cid005353894	V03AB
cid000065589	N06AA
cid000002978	A04AD
cid000005002	N05AH
cid000037465	L01DB
cid000033625	C02CA
cid000666418	J04AD
cid000016575	R06AX
cid000032744	L03AX
cid000002550	C09AA
cid000071798	C02AA
cid000004748	N05AB
cid000005917	R07AB
cid000122197	V09AB
cid000029566	B05CA
cid000022502	J01CE
cid000017506	B02BX
cid000667490	L01BB
cid000003512	D01AA
cid000003512	D01BA
cid000002612	J01DB
cid000003360	N02BG
cid000005379	J01MA
cid000005379	S01AX
cid000003890	S01EE
cid000002310	R07AB
cid000005219	C01DX
cid003032788	M03AA
cid000002524	A11CC
cid000002524	D05AX
cid000005918	N07XX
cid000004417	C04AX
cid000002536	B02AB
cid000004165	C03BA
cid000071637	N04AC
cid000071749	A02AD
cid000102258	V03AF
cid000002729	N05AF
cid000065039	J01CE
cid000213043	J01EA
cid000006049	V03AB
cid000060020	J01MA
cid000000838	A01AD
cid000000838	B02BC
cid000000838	C01CA
cid000000838	R01AA
cid000000838	R03AA
cid000000838	S01EA
cid000004688	C02KC
cid000003249	A11CC
cid000003180	N01BX
cid000003180	R02AD
cid000002372	C07AB
cid000071301	C07AB
cid000002097	M01AE
cid000002431	C01BD
cid000358641	J01EE
cid000005120	V09AB
cid000070846	B01AA
cid000003007	N06BA
cid000065632	R05CB
cid000002344	N04AC
cid000009015	D11AX
cid000002629	J01DD
cid000060796	L02BG
cid051508717	M01AC
cid000027991	H01BA
cid000005965	S01EB
cid000001084	V03AB
cid000002662	L01XX
cid000002662	M01AH
cid000072105	G01AF
cid000072105	P01AB
cid000071124	A11DA
cid000004583	J01MA
cid000004583	S01AX
cid000004583	S02AA
cid000000175	G01AD
cid000000175	S02AA
cid000004891	P02BA
cid000042396	C01CA
cid000023403	C10AX
cid000000977	V03AN
cid000005277	A14AA
cid000003467	D06AX
cid000003467	J01GB
cid000003467	S01AA
cid000003467	S02AA
cid000003467	S03AA
cid000036975	R03AC
cid000036975	R03CC
cid000005860	A03BB
cid000003961	C09CA
cid000004830	N05AD
cid000008024	N01AA
cid000035802	P02CA
cid000020543	A12CB
cid000000774	L03AX
cid000007436	A01AD
cid000007436	B02BC
cid000010404	P03AA
cid000002678	R06AE
cid000003148	A04AA
cid000093860	L01XX
cid000003364	J01CF
cid000028891	R05DB
cid000002904	C03AA
cid000003738	V08AB
cid000024766	M01AX
cid000006104	M01CB
cid000005566	N05AB
cid000004633	D04AB
cid000004633	S01HA
cid016131180	B02BC
cid016131180	B02BD
cid000004605	C01AC
cid000018830	H01BA
cid000018735	N01AG
cid000005709	R01AA
cid000005709	R01AB
cid000005709	S01GA
cid000002673	J01DB
cid000068780	G01AX
cid000001814	D06BB
cid000002008	L01DB
cid000004976	N06AA
cid000059768	C07AB
cid000004168	A03FA
cid000005611	V08AC
cid000003562	N01AB
cid000008771	C05BB
cid024832095	S01KA
cid000004724	C07AA
cid000002161	A01AD
cid000002161	R03DX
cid000008271	N03AA
cid000021771	N06AA
cid000000311	A09AB
cid000002355	D05BA
cid000012453	N05AF
cid000031072	H03BB
cid000003762	R03AC
cid000003762	R03CC
cid000008762	A04AD
cid006436232	B03BA
cid000004908	P01BA
cid004517618	V03AB
cid000041653	J01FA
cid000056338	N03AB
cid000003406	V03AB
cid044565928	A07AA
cid044565928	J01XB
cid000071132	C01DX
cid000003404	N06AB
cid023671663	B05XA
cid000019396	R06AD
cid000005672	L01CA
cid000002646	J01DC
cid000003250	G02AB
cid000004421	J01MB
cid054681041	J01AA
cid006850719	A06AB
cid000003463	C10AB
cid000000206	B05CX
cid000000206	V04CA
cid000000206	V06DC
cid005251896	A10BH
cid000443082	J01DE
cid000120507	R05DB
cid000005073	N05AX
cid000002441	N05BA
cid000011259	A10BB
cid000016759	C05BB
cid000067686	D01AE
cid000003966	C01BA
cid000013790	G03DB
cid000011439	G04BX
cid000002656	J01DD
cid000013355	A06AD
cid000003740	V08AC
cid000004107	M03BA
cid000002732	C03BA
cid000000291	N06BX
cid000022424	R05DB
cid000004616	N05BA
cid000003767	J04AC
cid000014888	L01XX
cid000060695	M03AC
cid000062819	G03GA
cid000003824	M01AA
cid000003303	R05DA
cid000003303	S01XA
cid000004870	C03AA
cid000001079	A16AA
cid000068740	M05BA
cid000004745	N04BC
cid000004831	J01MB
cid000069594	C03BA
cid000087819	R03DA
cid000004666	L01CD
cid000024199	A03AB
cid000003889	J01DD
cid000008944	N01AH
cid000019254	N05CA
cid000012675	V08DA
cid000002471	C03CA
cid000114790	A02AB
cid000005316	J01CG
cid000005733	M01AB
cid000002802	N03AE
cid000004158	N06BA
cid000003169	R05DB
cid016137271	A10AE
cid000000951	C01CA
cid000003487	N05CE
cid000064949	D08AC
cid000064949	S01AX
cid000005560	C03AA
cid000004585	N05AH
cid000005875	H02AB
cid000065679	M01AC
cid000071807	J01CE
cid000036089	R05CB
cid000004612	P02BA
cid006433101	S01EE
cid000003182	R03DA
cid000003025	C05AD
cid000003025	D04AB
cid000003025	N01BB
cid000003025	S01HA
cid000004264	D06AX
cid000004264	R01AX
cid003086257	L01XD
cid000021723	P01AC
cid000003592	N02AA
cid000064655	A02AB
cid000016098	C10AD
cid000005455	P03AA
cid000005335	S01AB
cid000051767	N05AL
cid000068712	C02AC
cid000017794	S01BA
cid000005645	A05AA
cid015979285	J05AR
cid000008550	C02AA
cid000071339	J01DH
cid044134877	D06AA
cid044134877	G01AA
cid044134877	J01AA
cid044134877	S01AA
cid000000611	A09AB
cid000068911	P01BE
cid000104799	L01AD
cid000129806	C10AA
cid000004855	J01MB
cid000004909	N03AA
cid000077254	D01AE
cid000170190	A02AD
cid000002311	C09AA
cid000004536	G03AC
cid000004536	G03DC
cid000163296	J05AE
cid016683012	P01CB
cid000004514	N06BX
cid000024550	A01AA
cid000000237	P01AX
cid000021719	D11AC
cid000004680	A03AD
cid000004680	G04BE
cid000003325	A02BA
cid000004675	M03AC
cid000432452	A01AB
cid000000772	B01AB
cid000003054	G03CB
cid000003054	G03CC
cid000003054	L02AA
cid000004865	D06BB
cid000005978	L01CA
cid000004041	N05BA
cid000000450	L02AA
cid000003947	N06AA
cid000005224	J01GB
cid005282429	V04CH
cid000656635	B01AE
cid000030729	G01AA
cid000004911	M04AB
cid000516875	D08AX
cid000516875	V03AB
cid000025048	M01CB
cid000003059	N02BA
cid000083030	L04AA
cid000003696	N06AA
cid000065814	C07AA
cid000005314	M03AB
cid000002972	V03AC
cid000000738	A16AA
cid000068888	N06AX
cid000004032	C02BB
cid000002232	B01AE
cid000003078	R07AB
cid000002725	R06AB
cid000003374	J01MB
cid000004409	M01AX
cid000004999	N05CD
cid000007681	D08AJ
cid000007681	D09AA
cid000007681	R02AA
cid000026709	H02AB
cid000024087	D01AE
cid000002891	B03BA
cid000004189	A01AB
cid000004189	A07AC
cid000004189	D01AC
cid000004189	G01AF
cid000004189	J02AB
cid000004189	S02AA
cid000003661	A03BA
cid016129616	H05BA
cid000002171	J01CA
cid000002094	M04AA
cid000002244	A01AD
cid000002244	B01AC
cid000002244	N02BA
cid000055466	V08CA
cid005362070	A07EC
cid000002727	A10BB
cid000132804	C10AA
cid000003730	V08AB
cid000016850	S01JA
cid000004874	R05CA
cid000037367	N05BA
cid000063019	D07AC
cid000004782	C01CA
cid000004782	R01AA
cid000004782	R01AB
cid000004782	R01BA
cid000004782	S01FB
cid000004782	S01GA
cid000003873	A02BA
cid000003518	C02CC
cid000003518	S01EX
cid000483407	J05AX
cid000004786	A08AA
cid025201794	B01AA
cid000005411	C05AD
cid000005411	D04AB
cid000005411	N01BA
cid000005411	S01HA
cid000012603	C01DX
cid000002478	L01AB
cid025074470	L02AE
cid000030623	V03AF
cid000148211	A04AA
cid000002710	R06AE
cid000017358	V08DA
cid000004059	M03BX
cid000023723	C01DA
cid000003282	N02BA
cid000155773	C01CX
cid000003198	D01AC
cid000003198	G01AF
cid000005327	J01EB
cid000072145	R06AX
cid000001775	N03AB
cid000014584	N06BA
cid000065702	L01AA
cid000016362	N05AG
cid000002909	L04AD
cid000002909	S01XA
cid000043814	R05CB
cid000002554	N03AF
cid000060168	M03AC
cid000068705	A03AA
cid000004763	N03AA
cid000001798	S01EC
cid000002476	N02AE
cid000002476	N07BC
cid000029563	A01AB
cid000029563	D08AJ
cid000005597	A02BX
cid000005595	A04AA
cid000021776	A08AA
cid000004849	C03CA
cid000072135	N05CA
cid000005300	L01AD
cid000011430	A12BA
cid000030667	N07BC
cid000124087	R06AX
cid000005581	R03AC
cid000005581	R03CC
cid000005344	J01EB
cid000005344	S01AB
cid000002159	N05AL
cid000037497	N01BB
cid000002265	L04AX
cid000003199	L01CX
cid000040703	A03AX
cid000012598	N05AB
cid005280805	C05CA
cid000017336	N05CA
cid000070881	A03AD
cid021584777	A02AB
cid000093057	G03DB
cid000129228	N03AF
cid000003306	C01CA
cid000034536	V08AA
cid000004914	C05AD
cid000004914	N01BA
cid000004914	S01HA
cid000004449	N06AX
cid000003151	A03FA
cid000005340	D06BA
cid000005340	J01EB
cid000002747	C01BG
cid000005391	N05CD
cid000053275	N02BG
cid006102852	V08CA
cid000028486	N05AN
cid000040027	J01CA
cid000001080	R05CB
cid000002547	J04AB
cid000023497	N04BA
cid000005381	D05AX
cid000002520	C08DA
cid000008238	P02DX
cid000027400	N02CX
cid000003649	M09AA
cid000004638	A14AA
cid000002616	J01DB
cid000003760	D01AC
cid000003760	G01AF
cid000002366	N07CA
cid000005582	P01AX
cid000026618	C03BA
cid000071652	C03AA
cid009812414	B01AB
cid000230181	C10AC
cid000005430	D01AC
cid000005430	P02CA
cid000005726	S01AD
cid000003784	C08CA
cid000002767	L01XA
cid003000715	N01AF
cid003000715	N05CA
cid000047640	D01AE
cid000039507	H02AB
cid000039507	S01BA
cid000000681	C01CA
cid000019090	G03AC
cid000019090	G03DB
cid000019090	L02AB
cid000005533	A06AC
cid000024856	S01XA
cid000004768	C04AX
cid000004257	N05AX
cid000037475	P02CC
cid000002267	R01AC
cid000002267	R06AX
cid000002267	S01GX
cid000034055	G04BD
cid000004587	J01FA
cid000003516	R05CA
cid000003333	C08CA
cid000029025	R05CA
cid000009417	N06AA
cid000010518	N05CA
cid000166031	N02AA
cid011979316	H01BA
cid000003781	D04AA
cid000003781	R06AD
cid000068876	B01AC
cid016131215	L02BX
cid054708299	B01AA
cid000002487	N02AF
cid000005078	N02CC
cid000068707	R05CB
cid023724978	L01CD
cid000006719	B01AA
cid000000739	M01AX
cid016129665	V04CK
cid000005603	R01AA
cid000005603	R01AB
cid000010547	S01EB
cid000008589	A03AX
cid000005486	B01AC
cid000003998	D06BA
cid000005666	N06AX
cid000004822	R06AX
cid000004454	A01AB
cid000004454	A07AA
cid000004454	B05CA
cid000004454	D06AX
cid000004454	J01GB
cid000004454	R02AB
cid000004454	S01AA
cid000004454	S02AA
cid000004454	S03AA
cid000004886	C05AD
cid000004886	D04AB
cid000009283	J07AM
cid000003657	L01XX
cid000002352	B01AC
cid009947828	A02BX
cid000008419	C02KA
cid000003821	N01AX
cid000003075	C08DB
cid000153941	J05AF
cid000003453	D11AX
cid000004836	J01CG
cid000004086	R03AB
cid000004086	R03CB
cid000004046	P01BC
cid000071260	J01FA
cid000009425	P01AX
cid053477714	B01AB
cid053477714	C05BA
cid053477714	S01XA
cid005281007	L01AX
cid000003339	C10AB
cid003050404	D08AE
cid003050404	G01AX
cid000002215	G04BE
cid000002215	N04BC
cid000008275	N05CA
cid000036845	N02CX
cid000021975	B01AC
cid000021975	N02BA
cid000002240	P01BE
cid000003830	B06AA
cid000000598	R05CB
cid000000598	V03AF
cid000003872	A06AD
cid000004248	R03DC
cid000060164	D10AD
cid000002551	N07AB
cid000002551	S01EB
cid000009661	N05CM
cid000072014	C07AB
cid000002833	M04AC
cid000002096	G03DC
cid000036131	C01BD
cid000002099	A03AE
cid000009296	L01AB
cid000071675	A08AA
cid000077197	P01AR
cid000004631	C07AA
cid000039860	A04AD
cid000024393	B03AA
cid000024393	B03AD
cid000002910	C03AA
cid000065939	A03AE
cid000003958	N05BA
cid000002381	N04AA
cid000061336	A06AG
cid000003743	V08AB
cid000002995	N06AA
cid000003601	M03AC
cid000005032	R01AA
cid000005032	R01AB
cid000005032	R03CA
cid000005032	S01FB
cid000071316	M03AC
cid000003143	L01CD
cid000003222	C09AA
cid000157921	L01XD
cid000004063	H02AB
cid000000191	C01EB
cid000072148	N04AA
cid000037720	C05BA
cid000003783	C04AA
cid000004450	N02BG
cid000003392	D07AC
cid000008668	R06AX
cid000002175	J01CR
cid000054765	R03CC
cid000004475	C04AE
cid000001935	N06DA
cid000065906	R06AX
cid019710891	P03BX
cid011672461	V08CA
cid000002200	R01AC
cid000002200	R06AX
cid000002576	M03BA
cid000003883	A02BC
cid000071655	J05AX
cid000019063	N06AF
cid000002781	D04AA
cid000002781	R06AA
cid006323497	J04AB
cid000002799	J01XX
cid000003598	D08AE
cid000004641	M01AA
cid000004641	M02AA
cid000004641	S01BC
cid016129670	V04CK
cid000002783	R03AC
cid000002783	R03CC
cid000009395	S01EB
cid000003117	N07BB
cid000003117	P03AA
cid000000232	B05XB
cid000002282	J01CA
cid000009418	N06AA
cid000102210	G03DA
cid000102210	L02AB
cid000006300	A14AA
cid000006300	D11AE
cid000003671	R03DC
cid000124093	J01MA
cid000004212	L01DB
cid000066408	G03CB
cid000004507	C08CA
cid000002811	N05BA
cid000002796	C10AB
cid010452965	M01CB
cid000006476	N03AD
cid000004078	N05AC
cid000004725	D06BB
cid000004725	J05AB
cid000002751	C09AA
cid000004739	L01XX
cid000002133	D07AC
cid000003043	J05AF
cid000005234	S01XA
cid000005376	L02BA
cid000003553	D07AD
cid003033952	A02BA
cid000157920	A06AX
cid000003375	D07AC
cid000071717	G03CA
cid000004236	N06BA
cid000000359	A03AX
cid000071886	J01CE
cid000022530	R06AX
cid000071636	A03AX
cid000004839	A03AA
cid000065983	J01DD
cid000170361	N07BA
cid000005530	N06AF
cid000005719	N05CF
cid044146714	A10AE
cid023669229	V04CG
cid000036909	R05DB
cid000005803	D11AX
cid000005803	H03AA
cid000002391	A06AB
cid000002391	A06AG
cid000003690	L01AA
cid000018377	V08AC
cid000004419	N02AF
cid000035329	R03AC
cid000071679	G04BD
cid000516900	H03BC
cid000028061	G01AF
cid000028061	J01XD
cid000028061	P01AB
cid000042615	L02AE
cid000007172	C01CA
cid000007172	S01GA
cid000001989	A10BB
cid000056959	C01EB
cid000000143	V03AF
cid000003302	A14AB
cid000002973	V03AC
cid000002368	C02CC
cid000444013	V08CA
cid044567678	J01XA
cid000005502	N05BA
cid000035949	R05DB
cid000028425	N05BD
cid000004627	R03BB
cid000004235	N06AG
cid000003387	G03BA
cid000004162	N05CE
cid000065592	P01AA
cid000005639	C02CA
cid000003307	N05BA
cid000003595	J01CA
cid000003038	S01EC
cid000166548	J02AX
cid005357051	J05AA
cid000007627	D08AK
cid000000988	A11HA
cid000000988	D03AX
cid000005054	D10AX
cid000005054	S01AX
cid000010090	R05DA
cid000003899	L04AA
cid003082460	C05BB
cid011947681	C02DD
cid000004723	N06BA
cid000005514	N03AX
cid000162200	A06AC
cid000003285	G03CA
cid000003285	L02AA
cid009794606	A07BC
cid000004116	N02BG
cid000000119	L03AA
cid000005564	D08AE
cid000005564	D09AA
cid000026394	A03AD
cid016682839	P01AR
cid000025654	R03AC
cid000025654	R03CC
cid000004460	J01GB
cid000004460	S01AA
cid002761171	J04AD
cid000003036	P03AB
cid000005526	B02AA
cid000005152	R03AC
cid000054808	S01BA
cid000005356	N03AX
cid000002017	B05CA
cid000002017	D08AA
cid000014706	N02AD
cid006435110	P02CF
cid000003079	R05DA
cid000009363	R07AB
cid000047528	C01DX
cid000010188	N05CC
cid000003610	R02AA
cid000072474	J01MA
cid000064725	J01CE
cid000158536	V08CA
cid000004494	C08CA
cid000000892	A11HA
cid000004472	N06AF
cid000065866	C08CA
cid000062474	C05BA
cid000065720	J04AK
cid000054313	B01AC
cid006335910	N07BB
cid004077900	C04AE
cid000004888	S01BC
cid000068749	N02BA
cid000002345	P03AX
cid000125889	N03AX
cid000004167	N04AA
cid000002559	J01CA
cid000002187	L02BG
cid000083182	A12AA
cid000060662	C08CX
cid000198125	H03BA
cid016130957	H01CC
cid000000402	D10AB
cid000003230	D03AX
cid000009291	B03AA
cid000002617	J01DB
cid000034521	N06AG
cid000122335	L01XD
cid000003367	L01BB
cid000002611	J01DB
cid000060795	N05AX
cid000197281	V08CA
cid000004826	C02DG
cid000004171	C07AB
cid000667493	H03BA
cid000013314	N05CD
cid000000807	D08AG
cid011235728	A10BH
cid000005578	J01EA
cid000004139	V03AB
cid000004139	V04CG
cid000002250	C10AA
cid000005373	J01CA
cid000104741	L02BA
cid000004951	C01AB
cid000007511	D09AA
cid000002951	M03CA
cid000004083	J01CA
cid000004423	V03AB
cid000062924	D07AC
cid000062924	R01AD
cid000062924	R03BA
cid000004166	C01AA
cid005001396	B01AA
cid000000206	A12CA
cid000000206	B05CB
cid000000206	B05XA
cid000003869	C07AG
cid000057537	N04BC
cid000004609	L01XA
cid000005647	J05AB
cid000027485	D07AB
cid000005266	J01FA
cid006918220	L01XA
cid000060877	J05AF
cid000005516	L02BA
cid000003724	V08AB
cid000122316	N04BD
cid005319192	A12CC
cid000159252	B03AA
cid000031508	M01AX
cid000004199	N06AX
cid000004940	N05CM
cid000010157	C04AX
cid000071421	A07DA
cid000031640	N05BA
cid016130295	B02AB
cid000072081	H01BA
cid000005651	A07AA
cid000005651	J01XA
cid000004184	N06AX
cid000065624	R06AB
cid000000784	A01AB
cid000000784	D08AX
cid000000784	S02AA
cid005281613	C05CA
cid000003108	B01AC
cid000004747	N05AC
cid000001983	N02BE
cid000005245	M05BA
cid000072060	N03AX
cid000002950	A06AB
cid000044562	B01AC
cid000010239	M01CA
cid000005673	N06BX
cid000168924	V03AE
cid000004192	N05CD
cid000033746	N05BA
cid000005546	C03DB
cid000004828	C07AA
cid000001054	A11HA
cid000039042	C10AB
cid000005440	R06AD
cid000002788	D08AH
cid000002788	D09AA
cid000002788	G01AC
cid000002788	P01AA
cid000002788	S02AA
cid000002528	V08AA
cid000005396	L01CB
cid000150311	C10AX
cid000050248	P02BX
cid000000159	B01AC
cid005488547	A06AH
cid000009904	A14AB
cid000009904	S01XA
cid000005506	D01AE
cid000004640	N05AE
cid000071196	N03AA
cid000115355	A16AX
cid000104758	L01BA
cid000004837	P02CB
cid000005039	A02BA
cid000004539	J01MA
cid000004539	S01AX
cid000003510	A04AA
cid000002655	J01DD
cid000013313	G03AC
cid000047471	G01AF
cid006452712	A02AB
cid000068704	M01AE
cid006918456	B01AC
cid000122553	R03DX
cid000003440	C03CA
cid000005606	R03AC
cid000005606	R03CC
cid000041317	D05BB
cid000006764	P01AX
cid000003324	J05AB
cid000003324	S01AD
cid000004112	L01BA
cid000004112	L04AX
cid000002446	A03FA
cid000003157	C02CA
cid000005064	J05AB
cid040468198	B01AA
cid000005573	A03AA
cid000015386	N05AD
cid016129682	H05AA
cid004369359	A10BH
cid000004889	C10AA
cid000006235	L01AC
cid000156326	N05AH
cid000005147	N02BA
cid003001386	J04AD
cid000018140	L01XX
cid000005066	J01GB
cid000002324	C08CA
cid000009982	A08AA
cid000003332	M02AA
cid000003723	V08AA
cid006433117	R03AC
cid000004138	C02AB
cid000001031	C10AX
cid000005320	S01AB
cid000004814	B01AC
cid000011289	G03CA
cid000145068	R07AX
cid000019161	M01AB
cid000006292	N05CM
cid000024380	B03AA
cid000003817	J05AE
cid025077405	H01CA
cid000003957	R06AX
cid000004170	C03BA
cid016129675	V04CC
cid000003121	N03AG
cid025074886	H01CC
cid000005878	A14AA
cid000156054	A02AD
cid000034328	A07DA
cid000054797	C09AA
cid000023954	D08AL
cid000005325	D06BA
cid000005325	J01ED
cid016132283	H04AA
cid000005326	J01ED
cid000005323	J01ED
cid000004120	A03BB
cid000004120	S01FA
cid000060754	V08CA
cid000100788	L01XX
cid011020241	A11GA
cid011020241	G01AD
cid011020241	S01XA
cid000087869	A12CC
cid000072327	J05AF
cid000010391	N03AX
cid000005557	C05AX
cid000005557	C05CX
cid000060726	S01BC
cid000004064	N05BC
cid000027812	G03XA
cid000004594	A02BC
cid000064147	J05AB
cid000026924	A02AA
cid000003348	R06AX
cid000002320	A11DA
cid000020298	A03AB
cid000004623	D01AC
cid000004623	G01AF
cid000071195	R05DB
cid000005076	J05AE
cid000002132	R05CB
cid016129632	J01XA
cid000014791	A02AA
cid000014791	G04BX
cid071306834	L03AB
cid000003227	R02AB
cid000014794	V01AA
cid000064377	D06BB
cid000064377	J05AC
cid000006237	C01DX
cid000219084	V08CA
cid000102258	M04AX
cid000656628	G04CA
cid000003149	A01AB
cid000197712	C02KX
cid000041684	P01AX
cid000020585	R03DA
cid000000888	A12CC
cid000065130	D08AC
cid000065130	R01AX
cid000065130	R02AA
cid000065130	S01AX
cid000065130	S03AA
cid006433119	B01AX
cid000011442	P03AC
cid000036054	C02CC
cid000004485	C08CA
cid000048175	D07AC
cid000024462	V03AB
cid000003373	V03AB
cid005493325	V03AX
cid000014130	N02BE
cid000006081	C01CA
cid000005403	R03AC
cid000005403	R03CC
cid000020969	D07AB
cid000003749	C09CA
cid000108127	D05AX
cid000121749	L04AC
cid000068933	J01ED
cid000003103	R06AA
cid000025517	B05XA
cid000025517	G04BA
cid000002639	J01DE
cid000003720	C04AC
cid000003125	C02KB
cid000060830	R03BB
cid000024436	A06AD
cid000024436	A12CA
cid000068548	C03BA
cid000003279	J04AK
cid000000174	A06AD
cid000004905	A03AB
cid000193962	J05AG
cid000002130	N04BB
cid000003623	S01FA
cid000004095	N07BC
cid000005155	J05AF
cid000003494	A03AB
cid000004601	M03BC
cid000004601	N04AB
cid000003735	V08AC
cid000002081	N06AB
cid000000754	A12AA
cid000005426	L04AX
cid000219078	N03AX
cid000010075	R05DA
cid000025229	V08AA
cid000187764	J01ED
cid000001234	C08DA
cid000039745	D07AC
cid000004284	P03BX
cid000008249	A10BA
cid000064923	C09XA
cid005354434	N02CX
cid000005487	M03BX
cid000003351	N06BX
cid000031796	R05DB
cid000068865	N02BE
cid000064953	P01CB
cid000003902	L02BG
cid000002082	P02CA
cid000001981	M01AB
cid000004736	N02AD
cid006850753	A06AC
cid000051634	A16AX
cid000006301	D08AH
cid000006301	G01AC
cid000006301	P01AA
cid000006301	R02AA
cid000005330	J01ED
cid000004906	N01BB
cid000010715	N05CM
cid000038409	C03CC
cid006850789	B03AB
cid006850789	B03AC
cid000005858	A14AA
cid000002448	N05AD
cid000003775	A03AB
cid000028689	A06AB
cid000000076	A14AA
cid000035375	M02AA
cid000068930	N01AX
cid000001134	J05AF
cid000005497	R07AB
cid003085017	V03AE
cid000001991	A09AA
cid000151075	S01BC
cid000002681	D11AC
cid000005523	N02AX
cid000029154	B03AB
cid000002443	G02CB
cid000002443	N04BC
cid000004948	J01DB
cid000033477	J01CA
cid016132265	H01AA
cid000000745	V03AB
cid000002812	A01AB
cid000002812	D01AC
cid000002812	G01AF
cid000054840	N06BA
cid000002762	J01MB
cid000010630	N03AC
cid000004443	A10BX
cid000003283	N01AA
cid000002893	C04AX
cid000003183	J05AB
cid000005511	M03BX
cid000000754	B05XA
cid000003686	N06BX
cid000002312	C04AX
cid000005531	C01DX
cid000009053	C05AA
cid000009053	D07AC
cid000009053	H02AB
cid000004436	R01AA
cid000004436	R01AB
cid000004436	S01GA
cid000025294	D04AA
cid000025294	R06AC
cid000005457	D04AA
cid000005457	R01AC
cid000005457	R06AC
cid000008229	H01BB
cid000148121	L01BA
cid000009648	N02AC
cid000003478	A10BB
cid000004883	C07AB
cid000065709	A03AX
cid000014986	A11HA
cid054686350	N02BA
cid000005210	A08AA
cid000102399	B05AA
cid000038904	L01XA
cid000050587	L03AX
cid000002898	G03GB
cid000003060	D07AC
cid000005656	N06AX
cid000183797	B01AE
cid000060843	L01BA
cid000610479	M01AG
cid056603701	L04AC
cid000001990	G04BX
cid000041827	D10AD
cid000019261	A12CC
cid000032800	V04CC
cid000006575	N01AB
cid000042955	A02BB
cid000042955	G02AD
cid000065856	N06AX
cid000005842	N05CA
cid000006304	C03CX
cid000002955	D10AX
cid000002955	J04BA
cid000004737	N05CA
cid000038668	N05CD
cid000003074	C01DX
cid000037510	J05AX
cid000004673	M05BA
cid000030951	M01AB
cid000004534	L01XX
cid000002092	G04CA
cid000004057	A03AB
cid000000137	L01XD
cid000005470	G03CX
cid000019527	N06BA
cid000003916	N05AA
cid000040973	G03AC
cid003033621	N05CD
cid000002337	C05AD
cid000002337	D04AB
cid000002337	N01BA
cid000002337	R02AD
cid011979535	D06AX
cid000077992	N02CC
cid000003561	D01AE
cid000003355	C01BC
cid000042883	C01BC
cid000065697	N02BG
cid000005362	M02AA
cid000024266	A01AA
cid000024266	A12CD
cid000002145	L02BG
cid000039764	M03AC
cid000003000	D07AC
cid000003000	D07XC
cid000006475	D04AA
cid000006475	R06AA
cid000004829	A10BG
cid024847846	C09BB
cid000060184	C09AA
cid000002131	N07AA
cid000026098	M01AX
cid000123623	J02AX
cid000065863	D01AC
cid000002585	C07AG
cid000051263	N01AH
cid000071392	J01CA
cid000005343	J01EB
cid000006138	R07AA
cid000005212	G04BE
cid000003911	L02AE
cid000060613	J05AB
cid000005484	R05DB
cid000477468	J02AX
cid054686187	J01AA
cid000005731	N02CC
cid005464100	C05CA
cid000005235	A01AA
cid000005235	A12CD
cid000071819	P01AC
cid000002648	J01DD
cid000065281	D06AX
cid000065281	J01XX
cid000065281	R02AB
cid000006465	R05DB
cid000000604	A12AA
cid000002514	D11AC
cid000165124	A03AA
cid000002759	C04AX
cid000023987	V03AN
cid000003430	P01AX
cid000176870	L01XE
cid000036920	C07AA
cid000006307	C03BA
cid000002313	M02AA
cid000002313	S01BC
cid000004488	M01AX
cid000004488	M02AA
cid000005503	A10BB
cid000005359	M01AE
cid000025495	C10AD
cid000008053	V03AB
cid000005441	D08AK
cid000008707	D01AE
cid000012536	D07AB
cid000012536	S01BA
cid024848143	A12CC
cid024848143	B05XA
cid000002378	D01AC
cid000093154	N06AA
cid000003779	C01CA
cid000003779	R03AB
cid000003779	R03CB
cid000060919	C09CA
cid000006212	N01AB
cid000002459	M01CC
cid000071273	N01BB
cid000002720	C03AA
cid000065787	R01AX
cid000031319	N05CA
cid000003652	P01BA
cid000003009	D11AX
cid000003009	P01CX
cid000002318	A10BX
cid000025557	A12AA
cid000009912	C04AD
cid000003488	A10BB
cid000069438	S01JA
cid000040839	L01CA
cid000034153	R01AA
cid000410087	D08AG
cid000410087	D09AA
cid000410087	D11AC
cid000410087	G01AX
cid000410087	R02AA
cid000410087	S01AX
cid000001292	B05CA
cid000001292	J01XX
cid000005297	A07AA
cid000005297	J01GA
cid000003825	M01AE
cid000005333	D06BA
cid000005333	J01EB
cid000024485	D08AK
cid000005352	M01AB
cid000050614	J01DC
cid000003755	J01GB
cid000003278	C03CC
cid000008414	P01AR
cid000003410	R03AC
cid000072075	D04AA
cid000072075	R06AX
cid000003827	R06AX
cid000003827	S01GX
cid000040841	N02AX
cid000159383	S01AX
cid000003408	L02BG
cid000005453	L01AC
cid000002708	L01AA
cid000002326	R05DB
cid000021054	G01AX
cid000015139	N05AD
cid000010609	R05DB
cid000008593	M04AC
cid005461123	A03AX
cid000071954	R05DB
cid000003385	L01BC
cid000003100	D04AA
cid000003100	R06AA
cid000005596	G04BD
cid000002477	N05BE
cid000003742	V08AB
cid000003737	V08AA
cid000003357	J01MA
cid000432585	A03BB
cid000107770	P01BE
cid000036109	N06AX
cid000004117	R03CB
cid000005077	N06DA
cid000002761	N07CA
cid016129690	N02BG
cid000034312	N03AF
cid000005433	J01BA
cid000004473	C08CA
cid000003231	A02BB
cid000055190	N06AX
cid005362420	S01LA
cid000041386	C03CD
cid000004819	N07AX
cid000004819	S01EB
cid000068778	N04BX
cid000065248	D11AX
cid006918474	N03AX
cid000004463	J05AG
cid000003672	C01EB
cid000003672	G02CC
cid000003672	M01AE
cid000003672	M02AA
cid000011339	A06AA
cid000065947	J01MA
cid005310993	C10AD
cid000005567	N05AD
cid000068706	M01AB
cid000077998	A10BG
cid000060900	D07AC
cid000002329	V04CK
cid000043008	A03FA
cid000119607	M01AH
cid000071741	L01AD
cid000657298	H03BA
cid000003547	C04AX
cid000003590	C01DX
cid000002832	L01CC
cid000005593	S01FA
cid000024750	C05BB
cid000004196	G03XB
cid000000753	A06AG
cid000000753	A06AX
cid000168625	V03AE
cid000060751	L01XD
cid000208903	R05DB
cid016129704	B01AE
cid000003825	M02AA
cid000147912	J02AC
cid000024083	A06AD
cid000024083	A12CC
cid000024083	B05XA
cid000024083	D11AX
cid000024083	V04CC
cid000003689	C04AX
cid000023931	D08AK
cid000005468	M01AE
cid000033887	R07AB
cid000008365	D01AE
cid000050190	M03AC
cid000013789	C03DA
cid004474778	B03XA
cid000003156	R07AB
cid000006126	A03AB
cid005493381	V03AC
cid000002642	J01DD
cid000002021	J01XX
cid000006009	N02BB
cid011020241	B03AA
cid000001839	B05CA
cid000001839	D08AF
cid000001839	D09AA
cid000001839	P01CC
cid000001839	S01AX
cid000001839	S02AA
cid000122225	L04AB
cid000003739	V08AC
cid000000015	A14AA
cid000000015	G03BB
cid000004893	C02CA
cid000005052	C02AA
cid000003037	P02DX
cid000073357	R02AB
cid000424379	B03BA
cid000005732	N05CF
cid023690938	M01AC
cid023690938	M02AA
cid023690938	S01BC
cid003062316	L01XE
cid000002405	C07AB
cid000002196	N06BX
cid000002881	A07EB
cid000002881	D11AH
cid000002881	R01AC
cid000002881	R03BC
cid000002881	S01GX
cid000219095	N05BX
cid000003116	N07AA
cid011979535	J01FG
cid000072139	D10AB
cid000008813	P01CX
cid000031315	A06AB
cid000003417	J01XX
cid000024012	D10AX
cid000003474	N02BG
cid000039034	D07AB
cid024839946	D06BB
cid024839946	J05AX
cid000001690	L01DB
cid000003639	C03AA
cid000213039	J05AE
cid000003964	N05AH
cid000004456	N07AA
cid000004456	S01EB
cid000003559	N05AD
cid000002153	R03DA
cid000071406	A11HA
cid000064937	J01EE
cid000000896	N05CH
cid000002813	J01CF
cid000094320	A02BX
cid000004039	N06BX
cid000015004	N01AX
cid000003637	C02DB
cid000027461	B03AB
cid000004098	R06AC
cid000005772	H01BA
cid000051627	D07AB
cid000002451	N05CD
cid000004030	P02CA
cid000208902	N05CH
cid000000996	C05BB
cid000000996	D08AE
cid000000996	N01BX
cid000000996	R02AA
cid000003162	R06AA
cid000003715	C01EB
cid000003715	M01AB
cid000003715	M02AA
cid000003715	S01BC
cid000004090	G02CB
cid000107677	S01AA
cid000001206	N06BA
cid000004249	N05AD
cid000003021	J01GB
cid003087722	C05CA
cid000000581	R05CB
cid000000581	S01XA
cid000000581	V03AB
cid025880664	A01AB
cid025880664	D06AA
cid025880664	J01AA
cid025880664	S01AA
cid025880664	S02AA
cid025880664	S03AA
cid000005091	J01FA
cid000066261	C01DA
cid000004607	J01CF
cid000160134	C10AB
cid000004628	J01MB
cid000072098	A03AX
cid000005652	D01AA
cid000025493	R02AA
cid000082146	L01XX
cid000151166	M01AH
cid000003416	L02AA
cid000000573	A11CA
cid000000573	D02BB
cid000039562	L01XX
cid000000338	D01AE
cid000000338	S01BC
cid000005574	R06AD
cid000003776	D08AX
cid000004634	G04BD
cid000002624	J01DD
cid000000546	J05AD
cid000000144	N06AX
cid000004635	N02AA
cid000071489	A03AB
cid000009565	A10BC
cid000023479	G04BD
cid006443098	P03AC
cid000134018	M04AA
cid000004875	R05CA
cid000004875	S01XA
cid000004875	V03AB
cid000002449	R03DX
cid000004058	N02AB
cid000004174	V04CD
cid000068733	C08CA
cid000023954	S01AX
cid000005406	G02CB
cid000005404	G01AG
cid000008281	S01AB
cid000005032	R01BA
cid016683083	R05CA
cid000107732	V08CA
cid000121891	A10BX
cid056603655	S01LA
cid000008280	N03AC
cid000010517	N07BC
cid000034632	C01BG
cid000005401	G04CA
cid000004920	G03DA
cid000002818	N05AH
cid000000936	A11HA
cid000004917	N05AB
cid000004031	A03AA
cid000005358	N02CC
cid000266651	G01AA
cid000017011	N05AF
cid000017182	N05AB
cid000003748	N06AF
cid000001805	L01BC
cid000094279	N06AA
cid000004989	P02CC
cid000005206	N01AB
cid000004812	B02BA
cid016132438	A10AB
cid016132438	A10AC
cid016132438	A10AD
cid000005536	A03AX
cid000005853	P02BB
cid000027500	C01DX
cid000005267	C03DA
cid005353473	B02BX
cid009917021	A04AD
cid000005479	J01XD
cid000005479	P01AB
cid000002519	N06BC
cid003034019	G01AE
cid000003375	D07AB
cid000003375	D07XB
cid000005005	C09AA
cid000005482	D01AC
cid000005482	G01AF
cid000024759	D03AX
cid000024759	M09AX
cid000024759	R01AX
cid000024759	S01KA
cid000001593	A11CC
cid000005318	D01AC
cid002723601	L01BB
cid000003778	N02BB
cid000002163	N05CA
cid000040391	N05BA
cid000002913	R06AX
cid000004097	A03AB
cid000005351	J04BA
cid000071264	C01EB
cid000025588	A12AA
cid000082148	N06AX
cid000000206	A12BA
cid003033538	S01EX
cid000065999	C09CA
cid044398818	J01FG
cid000006256	S01AD
cid000005588	R06AX
cid000091736	C09AA
cid000072938	J01MA
cid000060149	N05AE
cid000152945	G04CB
cid000123611	B01AX
cid000004872	C03DA
cid000003003	A01AC
cid000003003	C05AA
cid000003003	D07AB
cid000003003	D07XB
cid000003003	D10AA
cid000003003	H02AB
cid000003003	R01AD
cid000003003	S01BA
cid000003003	S01CB
cid000003003	S02BA
cid000003003	S03BA
cid000004091	A10BA
cid000010783	N05CM
cid000005238	V09FX
cid000002583	C07AA
cid000002583	S01ED
cid000065050	D06BB
cid000015232	J01CE
cid000003462	G02AD
cid000431963	L03AX
cid000071352	G04BX
cid000667510	M04AA
cid000000610	A07BC
cid000007458	V08AD
cid000002468	A10BA
cid000005771	H01BB
cid000092921	D07AB
cid000092921	D07XB
cid000004163	N02CA
cid005487301	A03AE
cid000010504	C01AC
cid000002650	J01DD
cid000066247	A03AB
cid000003261	N05CD
cid000035935	M01AE
cid000040159	P03AC
cid000043507	J01DC
cid000024085	D08AK
cid010113978	L01XE
cid000054547	J01DD
cid000016886	L01BC
cid000068870	N06AX
cid000002749	D01AE
cid000002749	G01AX
cid000004205	N06AX
cid000002625	J01DC
cid000023257	A01AA
cid000004544	R05DA
cid000119828	M01AH
cid000051754	D01AC
cid000051754	G01AF
cid000004621	C05AD
cid000002756	A02BA
cid000290482	J01FA
cid000005504	C04AB
cid000005504	M02AX
cid054685524	B01AA
cid000011017	A03AB
cid000015020	G03BB
cid000003386	N06AB
cid000002182	L01XX
cid000003599	L01XX
cid000000948	N01AX
cid000005243	A06AB
cid000007608	R01AA
cid000004513	A02BA
cid000003403	C10AA
cid000060198	L02BG
cid000111332	S01LA
cid000005328	B05CA
cid000005328	D06BA
cid000005328	J01EB
cid000005328	S01AB
cid000449193	R03DX
cid000004890	N05BA
cid000004011	N06AA
cid000010230	C02DB
cid000020140	N05CM
cid000004253	N02AA
cid000002123	L01XX
cid000058258	J01MA
cid000065598	C01AA
cid000013738	R05DB
cid000003040	J01CF
cid000002294	N05CA
cid000123610	B01AC
cid000005317	J01CA
cid000005070	N07XX
cid000000804	D06BB
cid000000804	G01AX
cid000000804	S01XA
cid000005203	N06AB
cid003032553	D08AK
cid000005625	J05AG
cid003052762	A03AE
cid000002905	S01FA
cid000003913	P02CE
cid054676539	D10AF
cid000003937	C09AA
cid000005040	L04AA
cid024840907	N02AA
cid000003731	V08AB
cid000002866	G04BE
cid000004568	A07AA
cid000004568	D01AA
cid000004568	G01AA
cid000002218	C01BB
cid000041693	N01AH
cid000002160	N06AA
cid000002165	P01BA
cid000123015	B02BX
cid000004477	P02DA
cid000011029	A02AA
cid000011029	A06AD
cid000003343	G02CA
cid000003343	R03AC
cid000003343	R03CC
cid005359810	V01AA
cid000003226	N01AB
cid000003459	A02BX
cid000003155	N06AA
cid000039758	C01DX
cid000010100	N02AC
cid003086686	L01XE
cid000016564	C02CC
cid000002377	N06AX
cid000114948	N04BC
cid000005576	N03AC
cid000005776	C01DX
cid004630253	D07AB
cid004630253	S01BA
cid000005105	A02BA
cid000000942	N07BA
cid000001156	C01EB
cid000002142	D06AX
cid000002142	J01GB
cid000002142	S01AA
cid000004208	L01AX
cid000000280	V03AN
cid000071306	H01CB
cid000071158	N07BB
cid000005977	A04AD
cid000002719	N06DX
cid000009047	J01ED
cid000000604	A12BA
cid000217684	G01AA
cid000005476	A03AB
cid000003061	C01AA
cid000004044	M01AG
cid000004767	P03AC
cid000004946	C07AA
cid000060714	V08CA
cid000002406	D10AB
cid000002406	P02BX
cid000055480	N06AX
cid016133606	S01AD
cid000002375	L02BB
cid000005735	N05CF
cid000000853	H03AA
cid000010599	G03CB
cid000010599	G03CC
cid000031593	P01CA
cid000002561	A02BX
cid000004834	J01CA
cid000002541	C09CA
cid000016639	M01AA
cid000016639	M02AA
cid054680675	J01AA
cid000005890	C01CX
cid000073303	J01DH
cid000003826	M01AB
cid000003826	S01BC
cid000000206	V04CE
cid000002654	J01DD
cid000021630	D02BA
cid000005213	A05BA
cid000417452	C01AA
cid000041987	N06AB
cid000003405	B03BB
cid000000444	N06AX
cid000009054	A14AA
cid000000158	G02AD
cid000007019	D08AA
cid000011870	P01BB
cid016129617	H01AA
cid000004008	C08CA
cid000432824	N06AX
cid000071736	J01DB
cid000002976	C09AA
cid000123619	M01AH
cid000004811	S01EB
cid000004811	V03AB
cid000011740	H02AB
cid011163584	A10BH
cid000005029	A02BC
cid000005544	A01AC
cid000005544	D07AB
cid000005544	D07XB
cid000005544	H02AB
cid000005544	R01AD
cid000005544	R03BA
cid000005544	S01BA
cid000002764	J01MA
cid000002764	S01AX
cid000002764	S02AA
cid000002764	S03AA
cid003055172	D11AH
cid000005315	A07AB
cid003047787	R05CB
cid000032797	D07AD
cid000058520	A03AX
cid000002335	D08AJ
cid000003337	A08AA
cid016130199	J05AX
cid006433091	N02AX
cid000004885	N04BC
cid000002141	V03AF
cid000053015	D01AC
cid000002292	C04AA
cid000002949	G03XA
cid000004102	J01CF
cid000005372	D11AH
cid000005372	L04AD
cid000019094	N05CC
cid000068770	C07AB
cid000005857	G03AC
cid000005857	G03DC
cid000005563	N05CM
cid000060787	J05AE
cid000009801	C01DX
cid000004615	R06AE
cid000002269	J01FA
cid000002269	S01AA
cid000034869	N06AA
cid000004935	S01HA
cid000003344	R03BX
cid000003344	R03DX
cid022834577	C01DX
cid000004760	B01AA
cid000003736	V08AB
cid000003219	S01GX
cid000003292	N03AB
cid000216209	C09XA
cid000000271	A07XA
cid000135021	M03AC
cid000071919	N05CM
cid054687131	J01AA
cid000002453	A07AX
cid000002453	G01AC
cid000002453	P01AA
cid000013764	A07AX
cid000006726	R06AE
cid000005508	M01AB
cid000005508	M02AA
cid000062858	S01AA
cid000001301	G02CC
cid000001301	M01AE
cid000001301	M02AA
cid000005538	D10AD
cid000005538	L01XX
cid000002789	N05BA
cid000006806	V08AA
cid005311489	B06AA
cid005311489	D03BA
cid000005505	A10BB
cid000005505	V04CA
cid000072065	A05AX
cid000009564	A10BB
cid000024140	L01AB
cid000000947	V03AN
cid000216326	L04AX
cid000002266	D10AX
cid000002993	D08AH
cid000002993	G01AC
cid000002993	R02AA
cid000060871	J05AF
cid000043592	J01DC
cid000213023	B01AE
cid000002083	R03AC
cid000002083	R03CC
cid000148191	L01XE
cid000000312	A09AB
cid000000312	B05XA
cid000002794	J04BA
cid000006494	N05CM
cid000019646	P01AX
cid000150310	C03DA
cid000002707	N05CC
cid000060561	A07XA
cid000001051	A11HA
cid000004766	V04CH
cid000014792	A02AA
cid000014792	A06AD
cid000014792	A12CC
cid000055645	G02CB
cid006850754	A02BX
cid000002613	J01DC
cid000003305	M05BA
cid000006834	R06AB
cid000054909	C03BX
cid000001210	M03AA
cid006335486	A02BX
cid000002435	S01EA
cid000002022	D06BB
cid000002022	J05AB
cid000002022	S01AD
cid000035455	M01AX
cid000035455	M02AA
cid000004636	R01AA
cid000004636	R01AB
cid000004636	S01GA
cid000001985	A07AX
cid000001985	G01AB
cid000001985	P01CD
cid000004786	R01BA
cid003033989	J01XE
cid000005386	L01BC
cid000005357	N05AL
cid000441382	A01AB
cid000441382	A07AA
cid000441382	D01AA
cid000441382	G01AA
cid000441382	S01AA
cid000003236	M03BX
cid000005198	L01AD
cid000071362	C01EB
cid000040976	G03AC
cid000003335	M01AE
cid000004201	C02DC
cid000004201	D11AX
cid000003822	C02KD
cid000002349	J01CE
cid000002349	S01AA
cid000007699	R05DB
cid006918438	J01DI
cid000002091	A11CC
cid000037425	N02BA
cid000005217	C10AB
cid000025381	N06AA
cid000005472	B01AC
cid000002173	J01CA
cid000002173	S01AA
cid000068783	G03DB
cid000000247	A09AB
cid000005775	C04AB
cid000005775	G04BE
cid000006488	N05CM
cid000006917	A07BC
cid000011974	D08AC
cid000011974	S01AX
cid000003042	A03AA
cid000039941	M01AE
cid000060516	N07XX
cid000054688	J01FA
cid016129705	V04CH
cid000027454	C01DX
cid000047607	C02DB
cid000004121	C03AA
cid000009034	N01AF
cid000009034	N05CA
cid001349907	H03BB
cid000004843	N06BX
cid000001995	N07CA
cid000009429	N05AB
cid000003687	D06BB
cid000003687	J05AB
cid000003687	S01AD
cid016129700	H05BA
cid000013144	A12AA
cid000002247	R06AX
cid000006337	N01BX
cid000130096	B01AB
cid000025215	M03BX
cid000057469	D06BB
cid005361912	J04AB
cid000009991	L01XX
cid006326970	D11AC
cid000002635	J01DC
cid000003401	D01AC
cid000003401	G01AF
cid000003926	C08EX
cid000014954	M03AA
cid000003647	C03AA
cid000023009	P01AB
cid000003678	A03AX
cid000019861	R06AX
cid000010083	N06BX
cid000032756	B01AX
cid000022262	A03AX
cid000115056	A05BA
cid000004259	J01MA
cid000004259	S01AX
cid000004599	A08AB
cid000003728	G01AC
cid000004454	D09AA
cid000004454	R01AX
cid000013342	L01CA
cid000002019	L01DA
cid000002723	D08AE
cid000002162	C08CA
cid000016229	R03DA
cid000002140	V08AA
cid002723816	S01AX
cid000667491	D10AB
cid000667491	P03AA
cid016134956	A10BX
cid000003878	N03AX
cid000003414	J05AD
cid000003741	V08AB
cid000011226	N01AH
cid005353980	A07EC
cid000003019	C02DA
cid000003019	V03AH
cid000114709	N03AF
cid000004499	C08CA
cid000030131	N02AX
cid000004238	C01DX
cid000000401	J04AB
cid000022258	R05DA
cid000004927	D04AA
cid000004927	R06AD
cid000003648	N02AA
cid006398970	J01DD
cid000535161	H02CA
cid000005538	D10BA
cid000012555	A01AD
cid000012555	G02CC
cid000012555	M01AX
cid000012555	M02AA
cid000015121	G03GB
cid000022296	A03AX
cid005251503	B05CA
cid000065944	L03AX
cid000004904	M03BX
cid000008966	C04AX
cid000068844	S01EC
cid000000853	C10AX
cid000002177	J05AE
cid000002462	A07EA
cid000002462	D07AC
cid000002462	R01AD
cid000002462	R03BA
cid000005106	J01FA
cid000004810	C02AC
cid000009331	N02AC
cid000000227	D02BA
cid000003394	M01AE
cid000003394	M02AA
cid000003394	R02AX
cid000003394	S01BC
cid000003454	J05AB
cid000003454	S01AD
cid000002156	C01BD
cid000520915	R05DA
cid000047725	L02AE
cid000007902	N06BX
cid000004054	N06DX
cid000005585	D05AD
cid000005585	D05BA
cid000002828	R05DA
cid000071740	C01CA
cid000013795	J01CE
cid005361323	N03AG
cid000004848	A02BX
cid003036905	A12CC
cid000003369	N05BA
cid000016058	L01AG
cid000008505	D08AK
cid000053708	C01CE
cid000007029	A08AA
cid000002168	D01AE
cid000009458	B01AC
cid000444006	J01DD
cid000001125	A16AX
cid000027993	G03CA
cid000003154	S01EC
cid000002628	J01DD
cid000115066	J01CA
cid000013344	A12BA
cid000003345	N01AH
cid000003345	N02AB
cid000003419	C09AA
cid000010631	G03AC
cid000010631	G03DA
cid000010631	L02AB
cid000005677	A10BF
cid000004942	G04BD
cid000004053	L01AA
cid000004567	C04AA
cid000004567	G02CA
cid000050294	R01AC
cid000050294	R03BC
cid000050294	S01GX
cid000060953	L01BC
cid000005936	S01EB
cid000013505	A07DA
cid000043251	G02AD
cid003033226	N06BX
cid000003310	L01CB
cid000005345	V04CE
cid000006258	D01AE
cid000000453	A06AD
cid000000453	A06AG
cid000000453	B05CX
cid000000453	V04CC
cid000004994	N05CE
cid006850754	B02BC
cid000021850	R03DA
cid000003245	R05CB
cid000002786	D10AF
cid000002786	G01AA
cid000002786	J01FF
cid000003746	R01AX
cid000003746	R03BB
cid000004912	C10AX
cid000068295	D08AG
cid000031512	C01CA
cid000006018	N07XX
cid000006066	A03AB
cid000004832	A03AB
cid000071939	N02BG
cid000002484	D01AE
cid000009873	V08CX
cid000003255	D10AF
cid000003255	J01FA
cid000003255	S01AA
cid000006473	N05CA
cid000003677	C01CA
cid000002515	C02DB
cid000003032	D11AX
cid000003032	M01AB
cid000003032	M02AA
cid000003032	S01BC
cid000002666	J01DB
cid000023897	N05AE
cid000115237	N05AX
cid000044564	S01GX
cid000005161	N02BA
cid000644241	L01XE
cid000003291	N03AD
cid006328604	P02BX
cid000005090	M01AH
cid000005665	N03AG
cid000065518	C02AA
cid000019667	P02CX
cid000004160	G03BA
cid000004160	G03EK
cid000003354	G04BD
cid000003759	N06AF
cid000102668	N04AA
cid000005253	C07AA
cid000003342	M01AE
cid000072092	A03AB
cid000119182	L01BB
cid000003100	N04AB
cid000033649	A10BB
cid006453528	B01AB
cid000071881	N02CB
cid000065985	V08AB
cid000071834	C02CC
cid000002609	J01DC
cid000054120	R05CB
cid000006077	N05AA
cid006442177	L01XE
cid006442177	L04AA
cid000004758	J01CE
cid000122872	J05AX
cid000002351	C08EA
cid000127909	S01EE
cid000002578	L01AD
cid000003929	J01XX
cid000005184	A04AD
cid000005184	N05CM
cid000005184	S01FA
cid000071672	R07AB
cid000517072	A01AB
cid000002216	S01EA
cid000033630	N05AG
cid000004543	N06AA
cid000019910	J01XX
cid000004754	N02BE
cid000006181	H03BX
cid000003443	D06AX
cid000003443	D09AA
cid000003443	J01XC
cid000003443	S01AA
cid000003290	N04AA
cid000005335	J01ED
cid000007187	D10AE
cid000055361	L04AA
cid000000460	R05CA
cid000021320	H02AB
cid016211090	B05AA
cid000003495	A05BA
cid000021787	A03AA
cid000000774	V04CG
cid000027900	D04AA
cid000027900	R06AX
cid003033975	A03AC
cid000004926	N05AA
cid000003331	N03AX
cid000001148	N06AX
cid000003281	N05CM
cid000023931	S01AX
cid000008361	G04BX
cid000004047	C03BA
cid005488383	L01XC
cid000020317	A05BA
cid000017507	C05BX
cid000008949	A06AD
cid000008949	A12CC
cid000008949	B05CB
cid000003312	D05BB
cid000014591	N06BX
cid024847953	A02BD
cid000007510	C04AC
cid000007510	C10AD
cid000068555	C01CA
cid000068555	S01FB
cid000004691	N06AB
cid000005636	S01EE
cid000002719	P01BA
cid000060752	C01BD
cid000005215	J01EC
cid000071329	C01BD
cid000031726	J01DB
cid000000338	N02BA
cid000002474	N01BB
cid000071663	S01AX
cid000003693	C09AA
cid000054373	H01CB
cid000003938	G02CB
cid000003938	N02CA
cid000003914	S01ED
cid000008395	C01DX
cid000010833	H03BX
cid000011290	R06AX
cid000005324	A07AB
cid000051577	A10BF
cid000001065	P01BC
cid000035734	V08AB
cid000000612	G01AD
cid000055483	C01CA
cid000031378	H02AA
cid000517045	B05XA
cid000001101	V06DC
cid000047319	M03AC
cid000065718	P01AC
cid000000836	N04BA
cid000005726	J05AF
cid003084033	P01AX
cid000003734	V08AB
cid000168009	C01DA
cid000060867	C01CX
cid000006464	N05CA
cid000003702	C03BA
cid000000160	G02AD
cid000003366	D01AE
cid000003366	J02AX
cid000071857	C01CA
cid000068122	R06AC
cid000004538	C01CA
cid000002676	C10AA
cid000002466	M01AB
cid000002466	M02AA
cid000005736	N05AX
cid000005329	J01EC
cid000008829	B03AA
cid000008829	B03AD
cid000005195	N04BD
cid000038945	C01BB
cid000003519	C02AC
cid000005496	J01GB
cid000005496	S01AA
cid000003747	M05BX
cid000024934	A12CE
cid000222786	H02AB
cid000222786	S01BA
cid001549157	R02AA
cid000006058	A16AA
cid000004921	M01AB
cid000065628	L01AA
cid006333887	M01CB
cid000004547	A10BX
cid000004730	J01CE
cid000010240	N05BB
cid000005241	V08AC
cid000017214	A14AA
cid000071616	J02AC
cid000001662	C10AX
cid000133016	R06AX
cid000128918	N07XX
cid000005538	D11AX
cid000002769	A03FA
cid000008612	N01BA
cid000064950	A05AB
cid000005038	C09AA
cid000004746	C08EX
cid000068050	D01AE
cid000068050	G01AX
cid004659569	N04BX
cid000001972	A01AB
cid000001972	A07AA
cid000001972	G01AA
cid000001972	J02AA
cid000002637	J01DC
cid000022318	M01CB
cid000000303	A05AA
cid000017513	C01EB
cid000016351	N05AH
cid016129681	H01CB
cid000002118	N05BA
cid000035740	V08AC
cid000024439	B05XA
cid000005214	D06BA
cid000154058	G04BD
cid000287180	J01MB
cid000002284	M03BX
cid000068613	G02CX
cid006445540	L01DC
cid000000865	V09GB
cid000000865	V09IX
cid000000865	V09XA
cid000000825	D11AX
cid000000825	M01AX
cid000003003	A07EA
cid000003003	D07AC
cid000003003	D07XC
cid000003003	R03BA
cid000004744	N05AB
cid000018142	G03AC
cid000032778	A10BB
cid000003168	N01AX
cid000003168	N05AD
cid000073658	J01FA
cid000037264	C02CA
cid000001971	J05AF
cid000009433	R03DA
cid000060706	J01DH
cid000003685	L01DB
cid000002315	C03AA
cid000024203	A06AD
cid000024203	A06AG
cid000024203	B05XA
cid016129672	A10AB
cid016129672	A10AC
cid016129672	A10AD
cid016129672	A10AE
cid016129672	A10AF
cid000071388	R05CA
cid000005311	L01XX
cid000072067	M03BX
cid000016065	G03DB
cid000002460	C01CE
cid000001130	A11DA
cid000091610	A10BB
cid000004509	J01XE
cid016156130	A10BX
cid000005584	N06AA
cid000110634	G04BE
cid000003288	G03DC
cid000004497	C08CA
cid000037632	N05BA
cid051601240	D06AA
cid051601240	J01AA
cid000060864	R01AC
cid000060864	S01GX
cid000041781	C03CA
cid004659568	N04BX
cid000010340	B05CB
cid000010340	B05XA
cid000003962	C10AA
cid003325225	H05AA
cid000016363	N05AD
cid000077996	H05BX
cid000003763	N01AB
cid000065437	V08AA
cid000004938	N06BC
cid000006503	B05BB
cid000006503	B05XX
cid000047979	N05AL
cid016132446	A10BX
cid000006224	B05CB
cid009852188	N02BG
cid000004919	N04AA
cid000025419	M05BA
cid000154256	G03XC
cid000053359	A10XA
cid000000453	B05BC
cid000068952	A14AB
cid000002795	R05DB
cid000071379	C02CC
cid000002170	N06AA
cid000008230	H01BA
cid000005634	D01AE
cid000002717	M03BB
cid003047788	R05DB
cid000036339	N01AX
cid016132353	V04CD
cid000060789	C01CA
cid000000866	B05XB
cid000004842	L01AX
cid009815559	B01AD
cid004052643	B06AA
cid004052643	S01KX
cid000003062	C01AA
cid000003823	D01AC
cid000003823	G01AF
cid000003823	J02AB
cid000008753	D09AA
cid000004197	C01CE
cid000004033	L01AA
cid000002447	N05CM
cid000004991	N07AA
cid000000698	G03CA
cid000000698	G03CC
cid000005466	N03AG
cid000002982	P03BA
cid000065777	C10AB
cid000007697	D01AE
cid000003661	V03AB
cid000070374	J04AK
cid000004806	A07AB
cid000000727	P03AB
cid000000564	B02AA
cid000216239	L01XE
cid000083435	C04AD
cid000014676	R06AD
cid000005360	P01CX
cid000000876	V03AB
cid000062865	N05AA
cid000104849	A08AX
cid000006518	C01DA
cid000022173	V03AB
cid071312240	D03BA
cid000009469	M03BX
cid000011114	N01BA
cid045114148	A02BX
cid000123891	J01DD
cid000004619	R05DB
cid000060878	C09CA
cid000023429	J04AB
cid000023429	S01AA
cid000023429	S02AA
cid000011367	P01AC
cid000002537	C01EB
cid000004949	V08AD
cid000005727	B05XA
cid000006518	A06AD
cid000002907	L01AA
cid000065687	R07AB
cid000001046	J04AK
cid000072138	C02AC
cid000068703	C04AC
cid000037042	C01BA
cid000005721	J05AH
cid000002804	C03BA
cid000003080	V03AB
cid000014687	G03DC
cid000517044	B05XA
cid000003008	R05DA
cid000005746	L01DC
cid000003380	N05CD
cid000006839	N03AD
cid000004756	G04BX
cid000160051	C10AC
cid000004425	V03AB
cid000006257	N05BX
cid000000604	D11AX
cid000003191	R06AX
cid000005510	D01AE
cid000003377	N07CA
cid000004922	A02BX
cid000004845	R03AC
cid000004845	R03CC
cid000065664	P01BE
cid000005556	N05CD
cid000065957	J01MA
cid000032281	V04CJ
cid000000937	C04AC
cid000000937	C10AD
cid000005257	J01MA
cid016136245	L02BX
cid000004916	R03AC
cid000004916	R03CC
cid000001546	L01BB
cid000486300	A01AB
cid000486300	D01AA
cid000486300	G01AA
cid000486300	G04CX
cid004474062	C01DB
cid000068760	J01EA
cid000004451	J05AE
cid000003804	J01FA
cid000002442	R05CB
cid000004101	J01XX
cid000006857	D04AB
cid009846180	B02BX
cid000002475	C07AA
cid000039524	N03AX
cid000036283	R03AC
cid000004099	N03AA
cid053297363	D01AA
cid053297363	G01AA
cid053297363	J02AA
cid010440987	H01BB
cid000005473	A03AB
cid000002270	J01CA
cid040563218	L03AX
cid000005029	M01AA
cid000005029	M02AA
cid000031264	N05CC
cid000004440	N02CC
cid006913668	B02BC
cid006913668	G04BX
cid000123597	S01EE
cid000026370	A02AC
cid000036811	C01CA
cid000005394	L01AX
cid040468184	B01AA
cid000006166	H02AA
cid000050153	P03BA
cid000047320	M03AC
cid000004734	V04CG
cid000002206	N02BB
cid000002206	S02DA
cid000035803	P02CA
cid000004887	R03DC
cid000002801	N06AA
cid000002780	A03FA
cid000031346	V08AA
cid006918584	V03AB
cid000072466	L01DC
cid000001923	A01AB
cid000001923	D08AH
cid000001923	G01AC
cid000001923	R02AA
cid000100472	M01AB
cid000003089	N02CX
cid000002296	C08CA
cid016132344	V04CD
cid000004770	M03BA
cid000005650	C09CA
cid000131535	J05AE
cid003364573	A05AX
cid003005837	D11AX
cid000031799	A03AB
cid000060612	N05CM
cid000005483	R05CB
cid000004260	C04AX
cid000004260	G04BE
cid000002713	A01AB
cid000002713	B05CA
cid000002713	D08AC
cid000002713	D09AA
cid000002713	R02AA
cid000002713	S01AX
cid000002713	S02AA
cid000002713	S03AA
cid000091561	D08AA
cid000003381	C05AA
cid000003381	D07AC
cid000003381	S01BA
cid000003381	S02BA
cid000004062	N01BB
cid000027661	C01DA
cid000000861	H03AA
cid000004036	M01AG
cid000004036	M02AA
cid000002965	C02CC
cid000023342	C01EB
cid000005838	N05CA
cid000070569	C04AD
cid000028426	A05AX
cid000071348	H01CB
cid000004004	P03AX
cid000119830	J05AF
cid000003334	P02CA
cid000003016	N05BA
cid000002335	R02AA
cid000004678	A11HA
cid000004678	D03AX
cid000004678	S01XA
cid000005071	J05AC
cid000004923	P01BB
cid000121396	A16AA
cid000148192	J05AE
cid000005839	H02AA
cid054690031	M01AC
cid000003308	M01AB
cid000004900	A07EA
cid000004900	H02AB
cid000005591	A10BG
cid000005587	D04AA
cid000005587	R06AC
cid070695640	C10AC
cid000003676	C01BB
cid000003676	C05AD
cid000003676	D04AB
cid000003676	N01BB
cid000003676	R02AD
cid000003676	S01HA
cid000003676	S02DA
cid000065750	N05AA
cid000041774	A10BF
cid000004066	R06AD
cid000024365	P03BA
cid000036709	G03DB
cid000021721	R05DB
cid000004932	C01BC
cid006918462	D06AX
cid000002647	J01DB
cid000005393	C09AA
cid000125017	N06AX
cid000002735	A11CC
cid000007638	D11AX
cid000004542	G03AC
cid000077993	N02CC
cid056842117	L01XC
cid000162263	P03AA
cid000002958	L01DB
cid000066383	C04AX
cid000005467	N05AL
cid000035726	D04AA
cid000005512	G04BD
cid000003049	G03CB
cid000003049	G03CC
cid000066249	H02AB
cid000003608	N01AF
cid000003608	N05CA
cid000000206	A12AA
cid000000206	G04BA
cid000002148	V04CH
cid000005419	R01AA
cid000005419	R01AB
cid000005419	S01GA
cid000021846	N04AA
cid000005336	J01EB
cid000004642	A03AA
cid000003384	C05AA
cid000003384	D07AB
cid000003384	D07XB
cid000003384	D10AA
cid000003384	S01BA
cid000003384	S01CB
cid000004055	B02BA
cid000031728	G02CA
cid000002792	D07AB
cid000002792	S01BA
cid000062959	J01MA
cid000135113	A16AB
cid000002806	B01AC
cid000002912	P03BA
cid000003461	L01BC
cid000004761	R06AB
cid000003181	G03DB
cid000004977	R03DA
cid000037392	P01BX
cid000003299	N05BA
cid000054786	B01AC
cid000017675	J01FA
cid009854489	R01AD
cid000072144	J01XX
cid000000214	C01EA
cid000000214	G04BE
cid000210320	R01AC
cid000210320	S01GX
cid000001031	D08AX
cid028412038	J01AA
cid016132418	A10AB
cid016132418	A10AD
cid000029051	L01DC
cid000065526	B02AA
cid000005429	C03BD
cid000005429	R03DA
cid000000815	A07AA
cid000000815	J01GB
cid000000815	S01AA
cid000004411	C07AA
cid000003446	N03AX
cid000120183	N02BA
cid000031772	P01CC
cid000003425	L01XX
cid000004159	D07AA
cid000004159	D10AA
cid000004159	H02AB
cid000002179	L01XX
cid000002683	B05CA
cid000002683	D08AJ
cid000002683	D09AA
cid000002683	R02AA
cid000000119	N03AG
cid000002088	M05BA
cid000003336	C08EA
cid000002800	G03GB
cid000003915	R01AC
cid000003915	S01GX
cid000072106	M01AX
cid000006151	N05BC
cid000003158	N06AA
cid000039940	G02CC
cid000039940	M01AE
cid000003365	D01AC
cid000003365	J02AC
cid000004495	M01AX
cid000012894	J01EC
cid000017455	D07AC
cid000017455	D07XC
cid023668479	J05AX
cid000010294	C03BC
cid000004140	G02AB
cid000151171	C03XA
cid000001684	J05AX
cid000002564	R06AA
cid000032169	N01BB
cid000026248	M01AX
cid000068953	M04AB
cid000001071	A11CA
cid000001071	D10AD
cid000001071	R01AX
cid000001071	S01XA
cid000003152	N06DA
cid000021782	G01AX
cid000005515	L01XX
cid004479094	H05BX
cid000006374	D09AA
cid000071698	C07AA
cid000004992	D04AA
cid000004992	R06AC
cid000005478	C07AA
cid000005478	S01ED
cid000007741	V04CG
cid000002333	M04AB
cid000004934	A03AB
cid000055756	R06AX
cid000000085	A16AA
cid025880656	A01AB
cid025880656	J01AA
cid004479097	B03BA
cid004479097	V03AB
cid000003718	M01AE
cid000041477	A07EA
cid000041477	R01AD
cid000004614	M01AE
cid000003052	P02CB
cid000021102	N02BA
cid000004020	A08AA
cid003000579	J01EB
cid000005525	C09AA
cid000004428	N07BB
cid000003070	A11CC
cid000026937	R05DB
cid000003371	M01AG
cid000005734	N03AX
cid000071771	M01AB
cid000071771	M02AA
cid000005568	N05AA
cid000062816	C10AC
cid000033675	M01AB
cid000005051	C02AA
cid000059708	N03AX
cid000002675	J01DD
cid000051081	J01MA
cid000041744	L01DB
cid000003435	G01AX
cid000003642	D07AB
cid000216237	C03XA
cid000014457	V08CA
cid000006729	R06AE
cid000003706	J05AE
cid000219024	C01EB
cid000003110	N02BB
cid000068921	D07AC
cid000027648	V08AC
cid000462481	J01FA
cid000001176	B05BC
cid000001176	D02AE
cid000025803	M03BA
cid000123606	N02CC
cid003081362	J01XA
cid000005095	N04BC
cid016132441	B01AE
cid000003396	N05AG
cid000003251	N02CA
cid000000298	D06AX
cid000000298	D10AF
cid000000298	G01AA
cid000000298	J01BA
cid000000298	S01AA
cid000000298	S02AA
cid000000298	S03AA
cid000003229	J01MA
cid000004493	L02BB
cid000002684	N07AX
cid000024441	A12AA
cid000003879	C01AA
cid000002370	N07AB
cid000011248	B03AA
cid000003105	S01EA
cid000032281	H01AB
cid000006762	N05AB
cid000003877	J05AF
cid000030160	N04AA
cid000012620	D06BB
cid000197784	A03AX
cid000003114	C01BA
cid000003636	A03BB
cid000000679	G04BX
cid000000679	M02AX
cid000003449	N06DA
cid000004487	M02AA
cid000004487	N02BB
cid000003658	N05BB
cid000150610	J01DH
cid000003450	M03AC
cid056841936	A07BC
cid000004850	N04BC
cid000028328	R03DA
cid026275995	A01AB
cid026275995	J01AA
cid000004595	A04AA
cid000521308	R05DA
cid000002663	C07AB
cid000102551	C01CA
cid000005454	N05AF
cid000003379	R01AD
cid000003379	R03BA
cid006328160	D09AA
cid006328160	M05BX
cid000002575	J01CA
cid000054889	C09AA
cid000000785	D11AX
cid000061745	A02AA
cid000061745	A06AD
cid000065782	N06BX
cid000003382	C05AA
cid000003382	D07AC
cid000096312	L01BB
cid000000750	B05CX
cid000003956	J01DC
cid000005717	R03DC
cid000027337	B06AB
cid000130881	C09CA
cid000004211	L01XX
cid000021722	N06AA
cid024839895	L03AX
cid000003954	A07DA
cid000071113	N03AG
cid000444033	R03BA
cid000002307	A07EA
cid000002307	D07AC
cid000002307	R01AD
cid000002307	R03BA
cid000026000	C01DX
cid000010576	G03DC
cid000062179	N05CD
cid000123620	D07AC
cid000123620	D07XC
cid000123620	R01AD
cid000123620	R03BA
cid000003069	S01AA
cid000007628	S02AA
cid000002119	C07AA
cid000003350	D11AX
cid000003350	G04CB
cid000036523	H01CA
cid000036523	V04CM
cid000004689	A07AA
cid000014669	N05AX
cid000004894	A07EA
cid000004894	C05AA
cid000004894	D07AA
cid000004894	D07XA
cid000004894	H02AB
cid000004894	R01AD
cid000004894	S01BA
cid000004894	S01CB
cid000004894	S02BA
cid000004894	S03BA
cid000005572	N04AA
cid000002467	C04AX
cid000003195	C04AX
cid000003661	S01FA
cid000000191	J05AB
cid000000191	S01AD
cid000003780	C01DA
cid000003780	C05AE
cid000004603	J05AH
cid000005524	R01AA
cid000004506	N05CD
cid000003065	C04AE
cid000002996	C01AA
cid000107688	V03AB
cid016131294	J01XA
cid000000247	A16AA
cid000004677	A11HA
cid000000718	C01EB
cid000009303	V08AA
cid000002752	C08CA
cid000004868	A07AA
cid000004868	J01XB
cid000004868	S01AA
cid000004868	S02AA
cid000004868	S03AA
cid000011498	C01DA
cid000007017	D08AE
cid000020977	D08AC
cid000052421	D07AC
cid000019596	J01ED
cid000003640	A01AC
cid000003640	A07EA
cid000003640	C05AA
cid000003640	D07AA
cid000003640	D07XA
cid000003640	H02AB
cid000003640	S01BA
cid000003640	S01CB
cid000003640	S02BA
cid000004740	C04AD
cid000005718	J05AF
cid000002512	G02CB
cid000002512	N04BC
cid000005291	L01XE
cid000002653	J01DB
cid000001978	C07AB
cid000005452	N05AC
cid000004844	L01DB
cid000003948	J01MA
cid000003948	S01AX
cid000004943	N01AX
cid000031083	B03AB
cid000002577	L01BC
cid009989226	D10AX
cid000000450	G03CA
cid000003793	J02AC
cid000004034	R06AE
cid000022525	P02CX
cid000002309	S01ED
cid000000001	N06BX
cid000068093	N02BA
cid000056016	V08AB
cid000065014	L03AX
cid000071898	R01AA
cid000003609	R03AC
cid000003609	R03CC
cid000006481	R05DB
cid000006238	G03DA
cid027233777	A01AB
cid027233777	D06AA
cid027233777	J01AA
cid027233777	S01AA
cid000005408	G03BA
cid000004993	P01BD
cid000005035	G03XC
cid000003475	A10BB
cid000002712	N05BA
cid000003203	J05AG
cid000031388	D08AX
cid000060834	N06AX
cid000004581	C01CA
cid000002622	J01DE
cid000002895	M03BX
cid000027020	D08AX
cid000006093	P02BX
cid000151165	A04AD
cid005361917	A06AH
cid000001986	S01EC
cid000004764	A06AB
cid000003397	L02BB
cid019105621	D08AX
cid000022378	N01BB
cid000044112	C07AA
cid000072111	A07AA
cid000072111	D06AX
cid000002444	R06AA
cid000005405	R06AX
cid000216235	C02KX
cid000004173	A01AB
cid000004173	D06BX
cid000004173	G01AF
cid000004173	J01XD
cid000004173	P01AB
cid016129703	B01AE
cid000025960	A12CE
cid000004087	C01CA
cid000003372	N05AB
cid000004626	N06BX
cid000004781	M01AA
cid000004781	M02AA
cid000030768	N05BX
cid000004178	C01BB
cid000004060	N03AB
cid000004771	A08AA
cid000004272	L04AA
cid005479141	L03AX
cid000004510	C01DA
cid000004510	C05AE
cid000003241	R06AX
cid000003241	S01GX
cid000030949	C04AX
cid000026388	A04AD
cid000000596	L01BC
cid000051711	N06BX
cid000003698	C01CE
cid000004727	M01CC
cid000002569	L01AC
cid000061791	N02AC
cid000110635	G04BE
cid000002631	J01DD
cid000060852	M05BA
cid000005354	C04AX
cid000007186	M03BA
cid000001072	A11HA
cid000002610	J01DB
cid000023576	C02BA
cid000074989	P01AX
cid000021109	C01EB
cid000060853	N05AE
cid000054454	C10AA
cid000008554	P03BX
cid000016957	D08AJ
cid000024424	A12CB
cid000004528	N06AX
cid000023991	N01AX
cid000004075	A07EC
cid000029088	B01AC
cid000003871	A06AD
cid000003063	N02AA
cid000004749	C01AX
cid000010311	P01CD
cid000060146	G04CA
cid000042261	A03AC
cid000002274	J01DF
cid000002522	D05AX
cid000072416	P01BE
cid000000587	C01EB
cid000021855	D04AA
cid000021855	R06AB
cid006446788	G01AF
cid006446788	P01AB
cid000452550	D06AX
cid000452550	R02AB
cid000452550	S01AA
cid000003269	G03CA
cid000003269	G03CC
