cid000028871	M01A
cid000028871	M02A
cid000002369	C07A
cid000002369	S01E
cid000002194	A16A
cid000042113	N01A
cid000017676	N05A
cid000031477	S01E
cid006918558	G04B
cid000002202	D05A
cid000041049	N02A
cid005462337	A07E
cid000006526	N05B
cid000048040	C01B
cid000028688	R01A
cid000001979	S01E
cid000025959	V03A
cid000001997	C01A
cid000132999	C01E
cid000002249	C07A
cid000004679	A02B
cid000021751	V08A
cid000068671	C10A
cid000071534	A03B
cid000004649	J04A
cid053487900	C10A
cid000062867	N05A
cid000002771	N06A
cid000002997	N05B
cid000004114	D05A
cid000004114	D05B
cid000003476	A10B
cid000003928	J01F
cid000014520	A05B
cid000004019	N04A
cid000034457	L01A
cid000002805	R05D
cid000002681	D08A
cid000002681	R02A
cid016683103	S01A
cid000024470	D08A
cid000004915	L01X
cid000062984	A02B
cid000002816	N05B
cid000016473	C03B
cid000004857	J01C
cid000004195	C01C
cid003014382	A12C
cid000040589	N06A
cid000002016	R02A
cid000013916	D01A
cid000003607	A01A
cid000017557	P01A
cid051537605	J01A
cid000014190	N06B
cid000060814	N01A
cid000072141	D04A
cid000068925	D01A
cid000068925	G01A
cid000002073	C01B
cid000003950	L01A
cid000005902	A03A
cid000065825	C01B
cid000003393	N05C
cid000000271	A12A
cid000441332	G02A
cid016213095	B05A
cid000003750	L01X
cid000003275	C01D
cid000005355	N05A
cid000003932	N06B
cid000002562	R05D
cid000072054	G04B
cid000005748	A03A
cid000156418	H05B
cid000123631	L01X
cid000000702	D08A
cid000000702	V03A
cid000005193	N05C
cid000002658	J01D
cid000017477	V08A
cid000003066	N02C
cid000004913	C01B
cid000016230	C03D
cid000003675	N06A
cid000010413	N01A
cid000010413	N07X
cid000000723	D05A
cid000005402	D01A
cid000005402	D01B
cid000004753	N03A
cid003081884	L03A
cid000004775	A16A
cid023663989	M01A
cid000002803	C02A
cid000002803	N02C
cid000002803	S01E
cid000062705	A01A
cid000062705	D01A
cid000001065	C01B
cid000005342	M04A
cid000104865	C02K
cid000014652	A02B
cid000000823	N07A
cid000002826	N01B
cid000002826	R02A
cid000002826	S01H
cid000002826	S02D
cid000005533	N06A
cid016129620	H01A
cid016129620	V04C
cid000050942	R03D
cid000004476	C10A
cid000071815	P01A
cid000003340	C01C
cid000002226	J01G
cid000060936	M05B
cid000004051	M01A
cid009832423	C10B
cid000010112	A02A
cid000010112	A12A
cid025077993	H01C
cid006436054	A07A
cid000071682	N06B
cid000002763	C10A
cid000036273	J01C
cid000002726	N05A
cid000005668	C04A
cid000000253	A11H
cid006918182	M05B
cid005381226	J04A
cid000208908	L01X
cid000039214	L01A
cid000004043	S01B
cid000011192	A16A
cid000005471	J01C
cid000000864	A16A
cid000002733	M03B
cid000000187	S01E
cid000002548	M02A
cid000002548	N01B
cid016129629	J01X
cid000157688	L01C
cid000003015	G03H
cid000010101	N02A
cid005353894	V03A
cid000065589	N06A
cid000002978	A04A
cid000005002	N05A
cid000037465	L01D
cid000033625	C02C
cid000666418	J04A
cid000016575	R06A
cid000032744	L03A
cid000002550	C09A
cid000071798	C02A
cid000004748	N05A
cid000005917	R07A
cid000122197	V09A
cid000029566	B05C
cid000022502	J01C
cid000017506	B02B
cid000667490	L01B
cid000003512	D01A
cid000003512	D01B
cid000002612	J01D
cid000003360	N02B
cid000005379	J01M
cid000005379	S01A
cid000003890	S01E
cid000002310	R07A
cid000005219	C01D
cid003032788	M03A
cid000002524	A11C
cid000002524	D05A
cid000005918	N07X
cid000004417	C04A
cid000002536	B02A
cid000004165	C03B
cid000071637	N04A
cid000071749	A02A
cid000102258	V03A
cid000002729	N05A
cid000065039	J01C
cid000213043	J01E
cid000006049	V03A
cid000060020	J01M
cid000000838	A01A
cid000000838	B02B
cid000000838	C01C
cid000000838	R01A
cid000000838	R03A
cid000000838	S01E
cid000004688	C02K
cid000003249	A11C
cid000003180	N01B
cid000003180	R02A
cid000002372	C07A
cid000071301	C07A
cid000002097	M01A
cid000002431	C01B
cid000358641	J01E
cid000005120	V09A
cid000070846	B01A
cid000003007	N06B
cid000065632	R05C
cid000002344	N04A
cid000009015	D11A
cid000002629	J01D
cid000060796	L02B
cid051508717	M01A
cid000027991	H01B
cid000005965	S01E
cid000001084	V03A
cid000002662	L01X
cid000002662	M01A
cid000072105	G01A
cid000072105	P01A
cid000071124	A11D
cid000004583	J01M
cid000004583	S01A
cid000004583	S02A
cid000000175	G01A
cid000000175	S02A
cid000004891	P02B
cid000042396	C01C
cid000023403	C10A
cid000000977	V03A
cid000005277	A14A
cid000003467	D06A
cid000003467	J01G
cid000003467	S01A
cid000003467	S02A
cid000003467	S03A
cid000036975	R03A
cid000036975	R03C
cid000005860	A03B
cid000003961	C09C
cid000004830	N05A
cid000008024	N01A
cid000035802	P02C
cid000020543	A12C
cid000000774	L03A
cid000007436	A01A
cid000007436	B02B
cid000010404	P03A
cid000002678	R06A
cid000003148	A04A
cid000093860	L01X
cid000003364	J01C
cid000028891	R05D
cid000002904	C03A
cid000003738	V08A
cid000024766	M01A
cid000006104	M01C
cid000005566	N05A
cid000004633	D04A
cid000004633	S01H
cid016131180	B02B
cid000004605	C01A
cid000018830	H01B
cid000018735	N01A
cid000005709	R01A
cid000005709	S01G
cid000002673	J01D
cid000068780	G01A
cid000001814	D06B
cid000002008	L01D
cid000004976	N06A
cid000059768	C07A
cid000004168	A03F
cid000005611	V08A
cid000003562	N01A
cid000008771	C05B
cid024832095	S01K
cid000004724	C07A
cid000002161	A01A
cid000002161	R03D
cid000008271	N03A
cid000021771	N06A
cid000000311	A09A
cid000002355	D05B
cid000012453	N05A
cid000031072	H03B
cid000003762	R03A
cid000003762	R03C
cid000008762	A04A
cid006436232	B03B
cid000004908	P01B
cid004517618	V03A
cid000041653	J01F
cid000056338	N03A
cid000003406	V03A
cid044565928	A07A
cid044565928	J01X
cid000071132	C01D
cid000003404	N06A
cid023671663	B05X
cid000019396	R06A
cid000005672	L01C
cid000002646	J01D
cid000003250	G02A
cid000004421	J01M
cid054681041	J01A
cid006850719	A06A
cid000003463	C10A
cid000000206	B05C
cid000000206	V04C
cid000000206	V06D
cid005251896	A10B
cid000443082	J01D
cid000120507	R05D
cid000005073	N05A
cid000002441	N05B
cid000011259	A10B
cid000016759	C05B
cid000067686	D01A
cid000003966	C01B
cid000013790	G03D
cid000011439	G04B
cid000002656	J01D
cid000013355	A06A
cid000003740	V08A
cid000004107	M03B
cid000002732	C03B
cid000000291	N06B
cid000022424	R05D
cid000004616	N05B
cid000003767	J04A
cid000014888	L01X
cid000060695	M03A
cid000062819	G03G
cid000003824	M01A
cid000003303	R05D
cid000003303	S01X
cid000004870	C03A
cid000001079	A16A
cid000068740	M05B
cid000004745	N04B
cid000004831	J01M
cid000069594	C03B
cid000087819	R03D
cid000004666	L01C
cid000024199	A03A
cid000003889	J01D
cid000008944	N01A
cid000019254	N05C
cid000012675	V08D
cid000002471	C03C
cid000114790	A02A
cid000005316	J01C
cid000005733	M01A
cid000002802	N03A
cid000004158	N06B
cid000003169	R05D
cid016137271	A10A
cid000000951	C01C
cid000003487	N05C
cid000064949	D08A
cid000064949	S01A
cid000005560	C03A
cid000004585	N05A
cid000005875	H02A
cid000065679	M01A
cid000071807	J01C
cid000036089	R05C
cid000004612	P02B
cid006433101	S01E
cid000003182	R03D
cid000003025	C05A
cid000003025	D04A
cid000003025	N01B
cid000003025	S01H
cid000004264	D06A
cid000004264	R01A
cid003086257	L01X
cid000021723	P01A
cid000003592	N02A
cid000064655	A02A
cid000016098	C10A
cid000005455	P03A
cid000005335	S01A
cid000051767	N05A
cid000068712	C02A
cid000017794	S01B
cid000005645	A05A
cid015979285	J05A
cid000008550	C02A
cid000071339	J01D
cid044134877	D06A
cid044134877	G01A
cid044134877	J01A
cid044134877	S01A
cid000000611	A09A
cid000068911	P01B
cid000104799	L01A
cid000129806	C10A
cid000004855	J01M
cid000004909	N03A
cid000077254	D01A
cid000170190	A02A
cid000002311	C09A
cid000004536	G03A
cid000004536	G03D
cid000163296	J05A
cid016683012	P01C
cid000004514	N06B
cid000024550	A01A
cid000000237	P01A
cid000021719	D11A
cid000004680	A03A
cid000004680	G04B
cid000003325	A02B
cid000004675	M03A
cid000432452	A01A
cid000000772	B01A
cid000003054	G03C
cid000003054	L02A
cid000004865	D06B
cid000005978	L01C
cid000004041	N05B
cid000000450	L02A
cid000003947	N06A
cid000005224	J01G
cid005282429	V04C
cid000656635	B01A
cid000030729	G01A
cid000004911	M04A
cid000516875	D08A
cid000516875	V03A
cid000025048	M01C
cid000003059	N02B
cid000083030	L04A
cid000003696	N06A
cid000065814	C07A
cid000005314	M03A
cid000002972	V03A
cid000000738	A16A
cid000068888	N06A
cid000004032	C02B
cid000002232	B01A
cid000003078	R07A
cid000002725	R06A
cid000003374	J01M
cid000004409	M01A
cid000004999	N05C
cid000007681	D08A
cid000007681	D09A
cid000007681	R02A
cid000026709	H02A
cid000024087	D01A
cid000002891	B03B
cid000004189	A01A
cid000004189	A07A
cid000004189	D01A
cid000004189	G01A
cid000004189	J02A
cid000004189	S02A
cid000003661	A03B
cid016129616	H05B
cid000002171	J01C
cid000002094	M04A
cid000002244	A01A
cid000002244	B01A
cid000002244	N02B
cid000055466	V08C
cid005362070	A07E
cid000002727	A10B
cid000132804	C10A
cid000003730	V08A
cid000016850	S01J
cid000004874	R05C
cid000037367	N05B
cid000063019	D07A
cid000004782	C01C
cid000004782	R01A
cid000004782	R01B
cid000004782	S01F
cid000004782	S01G
cid000003873	A02B
cid000003518	C02C
cid000003518	S01E
cid000483407	J05A
cid000004786	A08A
cid025201794	B01A
cid000005411	C05A
cid000005411	D04A
cid000005411	N01B
cid000005411	S01H
cid000012603	C01D
cid000002478	L01A
cid025074470	L02A
cid000030623	V03A
cid000148211	A04A
cid000002710	R06A
cid000017358	V08D
cid000004059	M03B
cid000023723	C01D
cid000003282	N02B
cid000155773	C01C
cid000003198	D01A
cid000003198	G01A
cid000005327	J01E
cid000072145	R06A
cid000001775	N03A
cid000014584	N06B
cid000065702	L01A
cid000016362	N05A
cid000002909	L04A
cid000002909	S01X
cid000043814	R05C
cid000002554	N03A
cid000060168	M03A
cid000068705	A03A
cid000004763	N03A
cid000001798	S01E
cid000002476	N02A
cid000002476	N07B
cid000029563	A01A
cid000029563	D08A
cid000005597	A02B
cid000005595	A04A
cid000021776	A08A
cid000004849	C03C
cid000072135	N05C
cid000005300	L01A
cid000011430	A12B
cid000030667	N07B
cid000124087	R06A
cid000005581	R03A
cid000005581	R03C
cid000005344	J01E
cid000005344	S01A
cid000002159	N05A
cid000037497	N01B
cid000002265	L04A
cid000003199	L01C
cid000040703	A03A
cid000012598	N05A
cid005280805	C05C
cid000017336	N05C
cid000070881	A03A
cid021584777	A02A
cid000093057	G03D
cid000129228	N03A
cid000003306	C01C
cid000034536	V08A
cid000004914	C05A
cid000004914	N01B
cid000004914	S01H
cid000004449	N06A
cid000003151	A03F
cid000005340	D06B
cid000005340	J01E
cid000002747	C01B
cid000005391	N05C
cid000053275	N02B
cid006102852	V08C
cid000028486	N05A
cid000040027	J01C
cid000001080	R05C
cid000002547	J04A
cid000023497	N04B
cid000005381	D05A
cid000002520	C08D
cid000008238	P02D
cid000027400	N02C
cid000003649	M09A
cid000004638	A14A
cid000002616	J01D
cid000003760	D01A
cid000003760	G01A
cid000002366	N07C
cid000005582	P01A
cid000026618	C03B
cid000071652	C03A
cid009812414	B01A
cid000230181	C10A
cid000005430	D01A
cid000005430	P02C
cid000005726	S01A
cid000003784	C08C
cid000002767	L01X
cid003000715	N01A
cid003000715	N05C
cid000047640	D01A
cid000039507	H02A
cid000039507	S01B
cid000000681	C01C
cid000019090	G03A
cid000019090	G03D
cid000019090	L02A
cid000005533	A06A
cid000024856	S01X
cid000004768	C04A
cid000004257	N05A
cid000037475	P02C
cid000002267	R01A
cid000002267	R06A
cid000002267	S01G
cid000034055	G04B
cid000004587	J01F
cid000003516	R05C
cid000003333	C08C
cid000029025	R05C
cid000009417	N06A
cid000010518	N05C
cid000166031	N02A
cid011979316	H01B
cid000003781	D04A
cid000003781	R06A
cid000068876	B01A
cid016131215	L02B
cid054708299	B01A
cid000002487	N02A
cid000005078	N02C
cid000068707	R05C
cid023724978	L01C
cid000006719	B01A
cid000000739	M01A
cid016129665	V04C
cid000005603	R01A
cid000010547	S01E
cid000008589	A03A
cid000005486	B01A
cid000003998	D06B
cid000005666	N06A
cid000004822	R06A
cid000004454	A01A
cid000004454	A07A
cid000004454	B05C
cid000004454	D06A
cid000004454	J01G
cid000004454	R02A
cid000004454	S01A
cid000004454	S02A
cid000004454	S03A
cid000004886	C05A
cid000004886	D04A
cid000009283	J07A
cid000003657	L01X
cid000002352	B01A
cid009947828	A02B
cid000008419	C02K
cid000003821	N01A
cid000003075	C08D
cid000153941	J05A
cid000003453	D11A
cid000004836	J01C
cid000004086	R03A
cid000004086	R03C
cid000004046	P01B
cid000071260	J01F
cid000009425	P01A
cid053477714	B01A
cid053477714	C05B
cid053477714	S01X
cid005281007	L01A
cid000003339	C10A
cid003050404	D08A
cid003050404	G01A
cid000002215	G04B
cid000002215	N04B
cid000008275	N05C
cid000036845	N02C
cid000021975	B01A
cid000021975	N02B
cid000002240	P01B
cid000003830	B06A
cid000000598	R05C
cid000000598	V03A
cid000003872	A06A
cid000004248	R03D
cid000060164	D10A
cid000002551	N07A
cid000002551	S01E
cid000009661	N05C
cid000072014	C07A
cid000002833	M04A
cid000002096	G03D
cid000036131	C01B
cid000002099	A03A
cid000009296	L01A
cid000071675	A08A
cid000077197	P01A
cid000004631	C07A
cid000039860	A04A
cid000024393	B03A
cid000002910	C03A
cid000065939	A03A
cid000003958	N05B
cid000002381	N04A
cid000061336	A06A
cid000003743	V08A
cid000002995	N06A
cid000003601	M03A
cid000005032	R01A
cid000005032	R03C
cid000005032	S01F
cid000071316	M03A
cid000003143	L01C
cid000003222	C09A
cid000157921	L01X
cid000004063	H02A
cid000000191	C01E
cid000072148	N04A
cid000037720	C05B
cid000003783	C04A
cid000004450	N02B
cid000003392	D07A
cid000008668	R06A
cid000002175	J01C
cid000054765	R03C
cid000004475	C04A
cid000001935	N06D
cid000065906	R06A
cid019710891	P03B
cid011672461	V08C
cid000002200	R01A
cid000002200	R06A
cid000002576	M03B
cid000003883	A02B
cid000071655	J05A
cid000019063	N06A
cid000002781	D04A
cid000002781	R06A
cid006323497	J04A
cid000002799	J01X
cid000003598	D08A
cid000004641	M01A
cid000004641	M02A
cid000004641	S01B
cid016129670	V04C
cid000002783	R03A
cid000002783	R03C
cid000009395	S01E
cid000003117	N07B
cid000003117	P03A
cid000000232	B05X
cid000002282	J01C
cid000009418	N06A
cid000102210	G03D
cid000102210	L02A
cid000006300	A14A
cid000006300	D11A
cid000003671	R03D
cid000124093	J01M
cid000004212	L01D
cid000066408	G03C
cid000004507	C08C
cid000002811	N05B
cid000002796	C10A
cid010452965	M01C
cid000006476	N03A
cid000004078	N05A
cid000004725	D06B
cid000004725	J05A
cid000002751	C09A
cid000004739	L01X
cid000002133	D07A
cid000003043	J05A
cid000005234	S01X
cid000005376	L02B
cid000003553	D07A
cid003033952	A02B
cid000157920	A06A
cid000003375	D07A
cid000071717	G03C
cid000004236	N06B
cid000000359	A03A
cid000071886	J01C
cid000022530	R06A
cid000071636	A03A
cid000004839	A03A
cid000065983	J01D
cid000170361	N07B
cid000005530	N06A
cid000005719	N05C
cid044146714	A10A
cid023669229	V04C
cid000036909	R05D
cid000005803	D11A
cid000005803	H03A
cid000002391	A06A
cid000003690	L01A
cid000018377	V08A
cid000004419	N02A
cid000035329	R03A
cid000071679	G04B
cid000516900	H03B
cid000028061	G01A
cid000028061	J01X
cid000028061	P01A
cid000042615	L02A
cid000007172	C01C
cid000007172	S01G
cid000001989	A10B
cid000056959	C01E
cid000000143	V03A
cid000003302	A14A
cid000002973	V03A
cid000002368	C02C
cid000444013	V08C
cid044567678	J01X
cid000005502	N05B
cid000035949	R05D
cid000028425	N05B
cid000004627	R03B
cid000004235	N06A
cid000003387	G03B
cid000004162	N05C
cid000065592	P01A
cid000005639	C02C
cid000003307	N05B
cid000003595	J01C
cid000003038	S01E
cid000166548	J02A
cid005357051	J05A
cid000007627	D08A
cid000000988	A11H
cid000000988	D03A
cid000005054	D10A
cid000005054	S01A
cid000010090	R05D
cid000003899	L04A
cid003082460	C05B
cid011947681	C02D
cid000004723	N06B
cid000005514	N03A
cid000162200	A06A
cid000003285	G03C
cid000003285	L02A
cid009794606	A07B
cid000004116	N02B
cid000000119	L03A
cid000005564	D08A
cid000005564	D09A
cid000026394	A03A
cid016682839	P01A
cid000025654	R03A
cid000025654	R03C
cid000004460	J01G
cid000004460	S01A
cid002761171	J04A
cid000003036	P03A
cid000005526	B02A
cid000005152	R03A
cid000054808	S01B
cid000005356	N03A
cid000002017	B05C
cid000002017	D08A
cid000014706	N02A
cid006435110	P02C
cid000003079	R05D
cid000009363	R07A
cid000047528	C01D
cid000010188	N05C
cid000003610	R02A
cid000072474	J01M
cid000064725	J01C
cid000158536	V08C
cid000004494	C08C
cid000000892	A11H
cid000004472	N06A
cid000065866	C08C
cid000062474	C05B
cid000065720	J04A
cid000054313	B01A
cid006335910	N07B
cid004077900	C04A
cid000004888	S01B
cid000068749	N02B
cid000002345	P03A
cid000125889	N03A
cid000004167	N04A
cid000002559	J01C
cid000002187	L02B
cid000083182	A12A
cid000060662	C08C
cid000198125	H03B
cid016130957	H01C
cid000000402	D10A
cid000003230	D03A
cid000009291	B03A
cid000002617	J01D
cid000034521	N06A
cid000122335	L01X
cid000003367	L01B
cid000002611	J01D
cid000060795	N05A
cid000197281	V08C
cid000004826	C02D
cid000004171	C07A
cid000667493	H03B
cid000013314	N05C
cid000000807	D08A
cid011235728	A10B
cid000005578	J01E
cid000004139	V03A
cid000004139	V04C
cid000002250	C10A
cid000005373	J01C
cid000104741	L02B
cid000004951	C01A
cid000007511	D09A
cid000002951	M03C
cid000004083	J01C
cid000004423	V03A
cid000062924	D07A
cid000062924	R01A
cid000062924	R03B
cid000004166	C01A
cid005001396	B01A
cid000000206	A12C
cid000000206	B05X
cid000003869	C07A
cid000057537	N04B
cid000004609	L01X
cid000005647	J05A
cid000027485	D07A
cid000005266	J01F
cid006918220	L01X
cid000060877	J05A
cid000005516	L02B
cid000003724	V08A
cid000122316	N04B
cid005319192	A12C
cid000159252	B03A
cid000031508	M01A
cid000004199	N06A
cid000004940	N05C
cid000010157	C04A
cid000071421	A07D
cid000031640	N05B
cid016130295	B02A
cid000072081	H01B
cid000005651	A07A
cid000005651	J01X
cid000004184	N06A
cid000065624	R06A
cid000000784	A01A
cid000000784	D08A
cid000000784	S02A
cid005281613	C05C
cid000003108	B01A
cid000004747	N05A
cid000001983	N02B
cid000005245	M05B
cid000072060	N03A
cid000002950	A06A
cid000044562	B01A
cid000010239	M01C
cid000005673	N06B
cid000168924	V03A
cid000004192	N05C
cid000033746	N05B
cid000005546	C03D
cid000004828	C07A
cid000001054	A11H
cid000039042	C10A
cid000005440	R06A
cid000002788	D08A
cid000002788	D09A
cid000002788	G01A
cid000002788	P01A
cid000002788	S02A
cid000002528	V08A
cid000005396	L01C
cid000150311	C10A
cid000050248	P02B
cid000000159	B01A
cid005488547	A06A
cid000009904	A14A
cid000009904	S01X
cid000005506	D01A
cid000004640	N05A
cid000071196	N03A
cid000115355	A16A
cid000104758	L01B
cid000004837	P02C
cid000005039	A02B
cid000004539	J01M
cid000004539	S01A
cid000003510	A04A
cid000002655	J01D
cid000013313	G03A
cid000047471	G01A
cid006452712	A02A
cid000068704	M01A
cid006918456	B01A
cid000122553	R03D
cid000003440	C03C
cid000005606	R03A
cid000005606	R03C
cid000041317	D05B
cid000006764	P01A
cid000003324	J05A
cid000003324	S01A
cid000004112	L01B
cid000004112	L04A
cid000002446	A03F
cid000003157	C02C
cid000005064	J05A
cid040468198	B01A
cid000005573	A03A
cid000015386	N05A
cid016129682	H05A
cid004369359	A10B
cid000004889	C10A
cid000006235	L01A
cid000156326	N05A
cid000005147	N02B
cid003001386	J04A
cid000018140	L01X
cid000005066	J01G
cid000002324	C08C
cid000009982	A08A
cid000003332	M02A
cid000003723	V08A
cid006433117	R03A
cid000004138	C02A
cid000001031	C10A
cid000005320	S01A
cid000004814	B01A
cid000011289	G03C
cid000145068	R07A
cid000019161	M01A
cid000006292	N05C
cid000024380	B03A
cid000003817	J05A
cid025077405	H01C
cid000003957	R06A
cid000004170	C03B
cid016129675	V04C
cid000003121	N03A
cid025074886	H01C
cid000005878	A14A
cid000156054	A02A
cid000034328	A07D
cid000054797	C09A
cid000023954	D08A
cid000005325	D06B
cid000005325	J01E
cid016132283	H04A
cid000005326	J01E
cid000005323	J01E
cid000004120	A03B
cid000004120	S01F
cid000060754	V08C
cid000100788	L01X
cid011020241	A11G
cid011020241	G01A
cid011020241	S01X
cid000087869	A12C
cid000072327	J05A
cid000010391	N03A
cid000005557	C05A
cid000005557	C05C
cid000060726	S01B
cid000004064	N05B
cid000027812	G03X
cid000004594	A02B
cid000064147	J05A
cid000026924	A02A
cid000003348	R06A
cid000002320	A11D
cid000020298	A03A
cid000004623	D01A
cid000004623	G01A
cid000071195	R05D
cid000005076	J05A
cid000002132	R05C
cid016129632	J01X
cid000014791	A02A
cid000014791	G04B
cid071306834	L03A
cid000003227	R02A
cid000014794	V01A
cid000064377	D06B
cid000064377	J05A
cid000006237	C01D
cid000219084	V08C
cid000102258	M04A
cid000656628	G04C
cid000003149	A01A
cid000197712	C02K
cid000041684	P01A
cid000020585	R03D
cid000000888	A12C
cid000065130	D08A
cid000065130	R01A
cid000065130	R02A
cid000065130	S01A
cid000065130	S03A
cid006433119	B01A
cid000011442	P03A
cid000036054	C02C
cid000004485	C08C
cid000048175	D07A
cid000024462	V03A
cid000003373	V03A
cid005493325	V03A
cid000014130	N02B
cid000006081	C01C
cid000005403	R03A
cid000005403	R03C
cid000020969	D07A
cid000003749	C09C
cid000108127	D05A
cid000121749	L04A
cid000068933	J01E
cid000003103	R06A
cid000025517	B05X
cid000025517	G04B
cid000002639	J01D
cid000003720	C04A
cid000003125	C02K
cid000060830	R03B
cid000024436	A06A
cid000024436	A12C
cid000068548	C03B
cid000003279	J04A
cid000000174	A06A
cid000004905	A03A
cid000193962	J05A
cid000002130	N04B
cid000003623	S01F
cid000004095	N07B
cid000005155	J05A
cid000003494	A03A
cid000004601	M03B
cid000004601	N04A
cid000003735	V08A
cid000002081	N06A
cid000000754	A12A
cid000005426	L04A
cid000219078	N03A
cid000010075	R05D
cid000025229	V08A
cid000187764	J01E
cid000001234	C08D
cid000039745	D07A
cid000004284	P03B
cid000008249	A10B
cid000064923	C09X
cid005354434	N02C
cid000005487	M03B
cid000003351	N06B
cid000031796	R05D
cid000068865	N02B
cid000064953	P01C
cid000003902	L02B
cid000002082	P02C
cid000001981	M01A
cid000004736	N02A
cid006850753	A06A
cid000051634	A16A
cid000006301	D08A
cid000006301	G01A
cid000006301	P01A
cid000006301	R02A
cid000005330	J01E
cid000004906	N01B
cid000010715	N05C
cid000038409	C03C
cid006850789	B03A
cid000005858	A14A
cid000002448	N05A
cid000003775	A03A
cid000028689	A06A
cid000000076	A14A
cid000035375	M02A
cid000068930	N01A
cid000001134	J05A
cid000005497	R07A
cid003085017	V03A
cid000001991	A09A
cid000151075	S01B
cid000002681	D11A
cid000005523	N02A
cid000029154	B03A
cid000002443	G02C
cid000002443	N04B
cid000004948	J01D
cid000033477	J01C
cid016132265	H01A
cid000000745	V03A
cid000002812	A01A
cid000002812	D01A
cid000002812	G01A
cid000054840	N06B
cid000002762	J01M
cid000010630	N03A
cid000004443	A10B
cid000003283	N01A
cid000002893	C04A
cid000003183	J05A
cid000005511	M03B
cid000000754	B05X
cid000003686	N06B
cid000002312	C04A
cid000005531	C01D
cid000009053	C05A
cid000009053	D07A
cid000009053	H02A
cid000004436	R01A
cid000004436	S01G
cid000025294	D04A
cid000025294	R06A
cid000005457	D04A
cid000005457	R01A
cid000005457	R06A
cid000008229	H01B
cid000148121	L01B
cid000009648	N02A
cid000003478	A10B
cid000004883	C07A
cid000065709	A03A
cid000014986	A11H
cid054686350	N02B
cid000005210	A08A
cid000102399	B05A
cid000038904	L01X
cid000050587	L03A
cid000002898	G03G
cid000003060	D07A
cid000005656	N06A
cid000183797	B01A
cid000060843	L01B
cid000610479	M01A
cid056603701	L04A
cid000001990	G04B
cid000041827	D10A
cid000019261	A12C
cid000032800	V04C
cid000006575	N01A
cid000042955	A02B
cid000042955	G02A
cid000065856	N06A
cid000005842	N05C
cid000006304	C03C
cid000002955	D10A
cid000002955	J04B
cid000004737	N05C
cid000038668	N05C
cid000003074	C01D
cid000037510	J05A
cid000004673	M05B
cid000030951	M01A
cid000004534	L01X
cid000002092	G04C
cid000004057	A03A
cid000000137	L01X
cid000005470	G03C
cid000019527	N06B
cid000003916	N05A
cid000040973	G03A
cid003033621	N05C
cid000002337	C05A
cid000002337	D04A
cid000002337	N01B
cid000002337	R02A
cid011979535	D06A
cid000077992	N02C
cid000003561	D01A
cid000003355	C01B
cid000042883	C01B
cid000065697	N02B
cid000005362	M02A
cid000024266	A01A
cid000024266	A12C
cid000002145	L02B
cid000039764	M03A
cid000003000	D07A
cid000003000	D07X
cid000006475	D04A
cid000006475	R06A
cid000004829	A10B
cid024847846	C09B
cid000060184	C09A
cid000002131	N07A
cid000026098	M01A
cid000123623	J02A
cid000065863	D01A
cid000002585	C07A
cid000051263	N01A
cid000071392	J01C
cid000005343	J01E
cid000006138	R07A
cid000005212	G04B
cid000003911	L02A
cid000060613	J05A
cid000005484	R05D
cid000477468	J02A
cid054686187	J01A
cid000005731	N02C
cid005464100	C05C
cid000005235	A01A
cid000005235	A12C
cid000071819	P01A
cid000002648	J01D
cid000065281	D06A
cid000065281	J01X
cid000065281	R02A
cid000006465	R05D
cid000000604	A12A
cid000002514	D11A
cid000165124	A03A
cid000002759	C04A
cid000023987	V03A
cid000003430	P01A
cid000176870	L01X
cid000036920	C07A
cid000006307	C03B
cid000002313	M02A
cid000002313	S01B
cid000004488	M01A
cid000004488	M02A
cid000005503	A10B
cid000005359	M01A
cid000025495	C10A
cid000008053	V03A
cid000005441	D08A
cid000008707	D01A
cid000012536	D07A
cid000012536	S01B
cid024848143	A12C
cid024848143	B05X
cid000002378	D01A
cid000093154	N06A
cid000003779	C01C
cid000003779	R03A
cid000003779	R03C
cid000060919	C09C
cid000006212	N01A
cid000002459	M01C
cid000071273	N01B
cid000002720	C03A
cid000065787	R01A
cid000031319	N05C
cid000003652	P01B
cid000003009	D11A
cid000003009	P01C
cid000002318	A10B
cid000025557	A12A
cid000009912	C04A
cid000003488	A10B
cid000069438	S01J
cid000040839	L01C
cid000034153	R01A
cid000410087	D08A
cid000410087	D09A
cid000410087	D11A
cid000410087	G01A
cid000410087	R02A
cid000410087	S01A
cid000001292	B05C
cid000001292	J01X
cid000005297	A07A
cid000005297	J01G
cid000003825	M01A
cid000005333	D06B
cid000005333	J01E
cid000024485	D08A
cid000005352	M01A
cid000050614	J01D
cid000003755	J01G
cid000003278	C03C
cid000008414	P01A
cid000003410	R03A
cid000072075	D04A
cid000072075	R06A
cid000003827	R06A
cid000003827	S01G
cid000040841	N02A
cid000159383	S01A
cid000003408	L02B
cid000005453	L01A
cid000002708	L01A
cid000002326	R05D
cid000021054	G01A
cid000015139	N05A
cid000010609	R05D
cid000008593	M04A
cid005461123	A03A
cid000071954	R05D
cid000003385	L01B
cid000003100	D04A
cid000003100	R06A
cid000005596	G04B
cid000002477	N05B
cid000003742	V08A
cid000003737	V08A
cid000003357	J01M
cid000432585	A03B
cid000107770	P01B
cid000036109	N06A
cid000004117	R03C
cid000005077	N06D
cid000002761	N07C
cid016129690	N02B
cid000034312	N03A
cid000005433	J01B
cid000004473	C08C
cid000003231	A02B
cid000055190	N06A
cid005362420	S01L
cid000041386	C03C
cid000004819	N07A
cid000004819	S01E
cid000068778	N04B
cid000065248	D11A
cid006918474	N03A
cid000004463	J05A
cid000003672	C01E
cid000003672	G02C
cid000003672	M01A
cid000003672	M02A
cid000011339	A06A
cid000065947	J01M
cid005310993	C10A
cid000005567	N05A
cid000068706	M01A
cid000077998	A10B
cid000060900	D07A
cid000002329	V04C
cid000043008	A03F
cid000119607	M01A
cid000071741	L01A
cid000657298	H03B
cid000003547	C04A
cid000003590	C01D
cid000002832	L01C
cid000005593	S01F
cid000024750	C05B
cid000004196	G03X
cid000000753	A06A
cid000168625	V03A
cid000060751	L01X
cid000208903	R05D
cid016129704	B01A
cid000003825	M02A
cid000147912	J02A
cid000024083	A06A
cid000024083	A12C
cid000024083	B05X
cid000024083	D11A
cid000024083	V04C
cid000003689	C04A
cid000023931	D08A
cid000005468	M01A
cid000033887	R07A
cid000008365	D01A
cid000050190	M03A
cid000013789	C03D
cid004474778	B03X
cid000003156	R07A
cid000006126	A03A
cid005493381	V03A
cid000002642	J01D
cid000002021	J01X
cid000006009	N02B
cid011020241	B03A
cid000001839	B05C
cid000001839	D08A
cid000001839	D09A
cid000001839	P01C
cid000001839	S01A
cid000001839	S02A
cid000122225	L04A
cid000003739	V08A
cid000000015	A14A
cid000000015	G03B
cid000004893	C02C
cid000005052	C02A
cid000003037	P02D
cid000073357	R02A
cid000424379	B03B
cid000005732	N05C
cid023690938	M01A
cid023690938	M02A
cid023690938	S01B
cid003062316	L01X
cid000002405	C07A
cid000002196	N06B
cid000002881	A07E
cid000002881	D11A
cid000002881	R01A
cid000002881	R03B
cid000002881	S01G
cid000219095	N05B
cid000003116	N07A
cid011979535	J01F
cid000072139	D10A
cid000008813	P01C
cid000031315	A06A
cid000003417	J01X
cid000024012	D10A
cid000003474	N02B
cid000039034	D07A
cid024839946	D06B
cid024839946	J05A
cid000001690	L01D
cid000003639	C03A
cid000213039	J05A
cid000003964	N05A
cid000004456	N07A
cid000004456	S01E
cid000003559	N05A
cid000002153	R03D
cid000071406	A11H
cid000064937	J01E
cid000000896	N05C
cid000002813	J01C
cid000094320	A02B
cid000004039	N06B
cid000015004	N01A
cid000003637	C02D
cid000027461	B03A
cid000004098	R06A
cid000005772	H01B
cid000051627	D07A
cid000002451	N05C
cid000004030	P02C
cid000208902	N05C
cid000000996	C05B
cid000000996	D08A
cid000000996	N01B
cid000000996	R02A
cid000003162	R06A
cid000003715	C01E
cid000003715	M01A
cid000003715	M02A
cid000003715	S01B
cid000004090	G02C
cid000107677	S01A
cid000001206	N06B
cid000004249	N05A
cid000003021	J01G
cid003087722	C05C
cid000000581	R05C
cid000000581	S01X
cid000000581	V03A
cid025880664	A01A
cid025880664	D06A
cid025880664	J01A
cid025880664	S01A
cid025880664	S02A
cid025880664	S03A
cid000005091	J01F
cid000066261	C01D
cid000004607	J01C
cid000160134	C10A
cid000004628	J01M
cid000072098	A03A
cid000005652	D01A
cid000025493	R02A
cid000082146	L01X
cid000151166	M01A
cid000003416	L02A
cid000000573	A11C
cid000000573	D02B
cid000039562	L01X
cid000000338	D01A
cid000000338	S01B
cid000005574	R06A
cid000003776	D08A
cid000004634	G04B
cid000002624	J01D
cid000000546	J05A
cid000000144	N06A
cid000004635	N02A
cid000071489	A03A
cid000009565	A10B
cid000023479	G04B
cid006443098	P03A
cid000134018	M04A
cid000004875	R05C
cid000004875	S01X
cid000004875	V03A
cid000002449	R03D
cid000004058	N02A
cid000004174	V04C
cid000068733	C08C
cid000023954	S01A
cid000005406	G02C
cid000005404	G01A
cid000008281	S01A
cid000005032	R01B
cid016683083	R05C
cid000107732	V08C
cid000121891	A10B
cid056603655	S01L
cid000008280	N03A
cid000010517	N07B
cid000034632	C01B
cid000005401	G04C
cid000004920	G03D
cid000002818	N05A
cid000000936	A11H
cid000004917	N05A
cid000004031	A03A
cid000005358	N02C
cid000266651	G01A
cid000017011	N05A
cid000017182	N05A
cid000003748	N06A
cid000001805	L01B
cid000094279	N06A
cid000004989	P02C
cid000005206	N01A
cid000004812	B02B
cid016132438	A10A
cid000005536	A03A
cid000005853	P02B
cid000027500	C01D
cid000005267	C03D
cid005353473	B02B
cid009917021	A04A
cid000005479	J01X
cid000005479	P01A
cid000002519	N06B
cid003034019	G01A
cid000003375	D07X
cid000005005	C09A
cid000005482	D01A
cid000005482	G01A
cid000024759	D03A
cid000024759	M09A
cid000024759	R01A
cid000024759	S01K
cid000001593	A11C
cid000005318	D01A
cid002723601	L01B
cid000003778	N02B
cid000002163	N05C
cid000040391	N05B
cid000002913	R06A
cid000004097	A03A
cid000005351	J04B
cid000071264	C01E
cid000025588	A12A
cid000082148	N06A
cid000000206	A12B
cid003033538	S01E
cid000065999	C09C
cid044398818	J01F
cid000006256	S01A
cid000005588	R06A
cid000091736	C09A
cid000072938	J01M
cid000060149	N05A
cid000152945	G04C
cid000123611	B01A
cid000004872	C03D
cid000003003	A01A
cid000003003	C05A
cid000003003	D07A
cid000003003	D07X
cid000003003	D10A
cid000003003	H02A
cid000003003	R01A
cid000003003	S01B
cid000003003	S01C
cid000003003	S02B
cid000003003	S03B
cid000004091	A10B
cid000010783	N05C
cid000005238	V09F
cid000002583	C07A
cid000002583	S01E
cid000065050	D06B
cid000015232	J01C
cid000003462	G02A
cid000431963	L03A
cid000071352	G04B
cid000667510	M04A
cid000000610	A07B
cid000007458	V08A
cid000002468	A10B
cid000005771	H01B
cid000092921	D07A
cid000092921	D07X
cid000004163	N02C
cid005487301	A03A
cid000010504	C01A
cid000002650	J01D
cid000066247	A03A
cid000003261	N05C
cid000035935	M01A
cid000040159	P03A
cid000043507	J01D
cid000024085	D08A
cid010113978	L01X
cid000054547	J01D
cid000016886	L01B
cid000068870	N06A
cid000002749	D01A
cid000002749	G01A
cid000004205	N06A
cid000002625	J01D
cid000023257	A01A
cid000004544	R05D
cid000119828	M01A
cid000051754	D01A
cid000051754	G01A
cid000004621	C05A
cid000002756	A02B
cid000290482	J01F
cid000005504	C04A
cid000005504	M02A
cid054685524	B01A
cid000011017	A03A
cid000015020	G03B
cid000003386	N06A
cid000002182	L01X
cid000003599	L01X
cid000000948	N01A
cid000005243	A06A
cid000007608	R01A
cid000004513	A02B
cid000003403	C10A
cid000060198	L02B
cid000111332	S01L
cid000005328	B05C
cid000005328	D06B
cid000005328	J01E
cid000005328	S01A
cid000449193	R03D
cid000004890	N05B
cid000004011	N06A
cid000010230	C02D
cid000020140	N05C
cid000004253	N02A
cid000002123	L01X
cid000058258	J01M
cid000065598	C01A
cid000013738	R05D
cid000003040	J01C
cid000002294	N05C
cid000123610	B01A
cid000005317	J01C
cid000005070	N07X
cid000000804	D06B
cid000000804	G01A
cid000000804	S01X
cid000005203	N06A
cid003032553	D08A
cid000005625	J05A
cid003052762	A03A
cid000002905	S01F
cid000003913	P02C
cid054676539	D10A
cid000003937	C09A
cid000005040	L04A
cid024840907	N02A
cid000003731	V08A
cid000002866	G04B
cid000004568	A07A
cid000004568	D01A
cid000004568	G01A
cid000002218	C01B
cid000041693	N01A
cid000002160	N06A
cid000002165	P01B
cid000123015	B02B
cid000004477	P02D
cid000011029	A02A
cid000011029	A06A
cid000003343	G02C
cid000003343	R03A
cid000003343	R03C
cid005359810	V01A
cid000003226	N01A
cid000003459	A02B
cid000003155	N06A
cid000039758	C01D
cid000010100	N02A
cid003086686	L01X
cid000016564	C02C
cid000002377	N06A
cid000114948	N04B
cid000005576	N03A
cid000005776	C01D
cid004630253	D07A
cid004630253	S01B
cid000005105	A02B
cid000000942	N07B
cid000001156	C01E
cid000002142	D06A
cid000002142	J01G
cid000002142	S01A
cid000004208	L01A
cid000000280	V03A
cid000071306	H01C
cid000071158	N07B
cid000005977	A04A
cid000002719	N06D
cid000009047	J01E
cid000000604	A12B
cid000217684	G01A
cid000005476	A03A
cid000003061	C01A
cid000004044	M01A
cid000004767	P03A
cid000004946	C07A
cid000060714	V08C
cid000002406	D10A
cid000002406	P02B
cid000055480	N06A
cid016133606	S01A
cid000002375	L02B
cid000005735	N05C
cid000000853	H03A
cid000010599	G03C
cid000031593	P01C
cid000002561	A02B
cid000004834	J01C
cid000002541	C09C
cid000016639	M01A
cid000016639	M02A
cid054680675	J01A
cid000005890	C01C
cid000073303	J01D
cid000003826	M01A
cid000003826	S01B
cid000002654	J01D
cid000021630	D02B
cid000005213	A05B
cid000417452	C01A
cid000041987	N06A
cid000003405	B03B
cid000000444	N06A
cid000009054	A14A
cid000000158	G02A
cid000007019	D08A
cid000011870	P01B
cid016129617	H01A
cid000004008	C08C
cid000432824	N06A
cid000071736	J01D
cid000002976	C09A
cid000123619	M01A
cid000004811	S01E
cid000004811	V03A
cid000011740	H02A
cid011163584	A10B
cid000005029	A02B
cid000005544	A01A
cid000005544	D07A
cid000005544	D07X
cid000005544	H02A
cid000005544	R01A
cid000005544	R03B
cid000005544	S01B
cid000002764	J01M
cid000002764	S01A
cid000002764	S02A
cid000002764	S03A
cid003055172	D11A
cid000005315	A07A
cid003047787	R05C
cid000032797	D07A
cid000058520	A03A
cid000002335	D08A
cid000003337	A08A
cid016130199	J05A
cid006433091	N02A
cid000004885	N04B
cid000002141	V03A
cid000053015	D01A
cid000002292	C04A
cid000002949	G03X
cid000004102	J01C
cid000005372	D11A
cid000005372	L04A
cid000019094	N05C
cid000068770	C07A
cid000005857	G03A
cid000005857	G03D
cid000005563	N05C
cid000060787	J05A
cid000009801	C01D
cid000004615	R06A
cid000002269	J01F
cid000002269	S01A
cid000034869	N06A
cid000004935	S01H
cid000003344	R03B
cid000003344	R03D
cid022834577	C01D
cid000004760	B01A
cid000003736	V08A
cid000003219	S01G
cid000003292	N03A
cid000216209	C09X
cid000000271	A07X
cid000135021	M03A
cid000071919	N05C
cid054687131	J01A
cid000002453	A07A
cid000002453	G01A
cid000002453	P01A
cid000013764	A07A
cid000006726	R06A
cid000005508	M01A
cid000005508	M02A
cid000062858	S01A
cid000001301	G02C
cid000001301	M01A
cid000001301	M02A
cid000005538	D10A
cid000005538	L01X
cid000002789	N05B
cid000006806	V08A
cid005311489	B06A
cid005311489	D03B
cid000005505	A10B
cid000005505	V04C
cid000072065	A05A
cid000009564	A10B
cid000024140	L01A
cid000000947	V03A
cid000216326	L04A
cid000002266	D10A
cid000002993	D08A
cid000002993	G01A
cid000002993	R02A
cid000060871	J05A
cid000043592	J01D
cid000213023	B01A
cid000002083	R03A
cid000002083	R03C
cid000148191	L01X
cid000000312	A09A
cid000000312	B05X
cid000002794	J04B
cid000006494	N05C
cid000019646	P01A
cid000150310	C03D
cid000002707	N05C
cid000060561	A07X
cid000001051	A11H
cid000004766	V04C
cid000014792	A02A
cid000014792	A06A
cid000014792	A12C
cid000055645	G02C
cid006850754	A02B
cid000002613	J01D
cid000003305	M05B
cid000006834	R06A
cid000054909	C03B
cid000001210	M03A
cid006335486	A02B
cid000002435	S01E
cid000002022	D06B
cid000002022	J05A
cid000002022	S01A
cid000035455	M01A
cid000035455	M02A
cid000004636	R01A
cid000004636	S01G
cid000001985	A07A
cid000001985	G01A
cid000001985	P01C
cid000004786	R01B
cid003033989	J01X
cid000005386	L01B
cid000005357	N05A
cid000441382	A01A
cid000441382	A07A
cid000441382	D01A
cid000441382	G01A
cid000441382	S01A
cid000003236	M03B
cid000005198	L01A
cid000071362	C01E
cid000040976	G03A
cid000003335	M01A
cid000004201	C02D
cid000004201	D11A
cid000003822	C02K
cid000002349	J01C
cid000002349	S01A
cid000007699	R05D
cid006918438	J01D
cid000002091	A11C
cid000037425	N02B
cid000005217	C10A
cid000025381	N06A
cid000005472	B01A
cid000002173	J01C
cid000002173	S01A
cid000068783	G03D
cid000000247	A09A
cid000005775	C04A
cid000005775	G04B
cid000006488	N05C
cid000006917	A07B
cid000011974	D08A
cid000011974	S01A
cid000003042	A03A
cid000039941	M01A
cid000060516	N07X
cid000054688	J01F
cid016129705	V04C
cid000027454	C01D
cid000047607	C02D
cid000004121	C03A
cid000009034	N01A
cid000009034	N05C
cid001349907	H03B
cid000004843	N06B
cid000001995	N07C
cid000009429	N05A
cid000003687	D06B
cid000003687	J05A
cid000003687	S01A
cid016129700	H05B
cid000013144	A12A
cid000002247	R06A
cid000006337	N01B
cid000130096	B01A
cid000025215	M03B
cid000057469	D06B
cid005361912	J04A
cid000009991	L01X
cid006326970	D11A
cid000002635	J01D
cid000003401	D01A
cid000003401	G01A
cid000003926	C08E
cid000014954	M03A
cid000003647	C03A
cid000023009	P01A
cid000003678	A03A
cid000019861	R06A
cid000010083	N06B
cid000032756	B01A
cid000022262	A03A
cid000115056	A05B
cid000004259	J01M
cid000004259	S01A
cid000004599	A08A
cid000003728	G01A
cid000004454	D09A
cid000004454	R01A
cid000013342	L01C
cid000002019	L01D
cid000002723	D08A
cid000002162	C08C
cid000016229	R03D
cid000002140	V08A
cid002723816	S01A
cid000667491	D10A
cid000667491	P03A
cid016134956	A10B
cid000003878	N03A
cid000003414	J05A
cid000003741	V08A
cid000011226	N01A
cid005353980	A07E
cid000003019	C02D
cid000003019	V03A
cid000114709	N03A
cid000004499	C08C
cid000030131	N02A
cid000004238	C01D
cid000000401	J04A
cid000022258	R05D
cid000004927	D04A
cid000004927	R06A
cid000003648	N02A
cid006398970	J01D
cid000535161	H02C
cid000005538	D10B
cid000012555	A01A
cid000012555	G02C
cid000012555	M01A
cid000012555	M02A
cid000015121	G03G
cid000022296	A03A
cid005251503	B05C
cid000065944	L03A
cid000004904	M03B
cid000008966	C04A
cid000068844	S01E
cid000000853	C10A
cid000002177	J05A
cid000002462	A07E
cid000002462	D07A
cid000002462	R01A
cid000002462	R03B
cid000005106	J01F
cid000004810	C02A
cid000009331	N02A
cid000000227	D02B
cid000003394	M01A
cid000003394	M02A
cid000003394	R02A
cid000003394	S01B
cid000003454	J05A
cid000003454	S01A
cid000002156	C01B
cid000520915	R05D
cid000047725	L02A
cid000007902	N06B
cid000004054	N06D
cid000005585	D05A
cid000005585	D05B
cid000002828	R05D
cid000071740	C01C
cid000013795	J01C
cid005361323	N03A
cid000004848	A02B
cid003036905	A12C
cid000003369	N05B
cid000016058	L01A
cid000008505	D08A
cid000053708	C01C
cid000007029	A08A
cid000002168	D01A
cid000009458	B01A
cid000444006	J01D
cid000001125	A16A
cid000027993	G03C
cid000003154	S01E
cid000002628	J01D
cid000115066	J01C
cid000013344	A12B
cid000003345	N01A
cid000003345	N02A
cid000003419	C09A
cid000010631	G03A
cid000010631	G03D
cid000010631	L02A
cid000005677	A10B
cid000004942	G04B
cid000004053	L01A
cid000004567	C04A
cid000004567	G02C
cid000050294	R01A
cid000050294	R03B
cid000050294	S01G
cid000060953	L01B
cid000005936	S01E
cid000013505	A07D
cid000043251	G02A
cid003033226	N06B
cid000003310	L01C
cid000005345	V04C
cid000006258	D01A
cid000000453	A06A
cid000000453	B05C
cid000000453	V04C
cid000004994	N05C
cid006850754	B02B
cid000021850	R03D
cid000003245	R05C
cid000002786	D10A
cid000002786	G01A
cid000002786	J01F
cid000003746	R01A
cid000003746	R03B
cid000004912	C10A
cid000068295	D08A
cid000031512	C01C
cid000006018	N07X
cid000006066	A03A
cid000004832	A03A
cid000071939	N02B
cid000002484	D01A
cid000009873	V08C
cid000003255	D10A
cid000003255	J01F
cid000003255	S01A
cid000006473	N05C
cid000003677	C01C
cid000002515	C02D
cid000003032	D11A
cid000003032	M01A
cid000003032	M02A
cid000003032	S01B
cid000002666	J01D
cid000023897	N05A
cid000115237	N05A
cid000044564	S01G
cid000005161	N02B
cid000644241	L01X
cid000003291	N03A
cid006328604	P02B
cid000005090	M01A
cid000005665	N03A
cid000065518	C02A
cid000019667	P02C
cid000004160	G03B
cid000004160	G03E
cid000003354	G04B
cid000003759	N06A
cid000102668	N04A
cid000005253	C07A
cid000003342	M01A
cid000072092	A03A
cid000119182	L01B
cid000003100	N04A
cid000033649	A10B
cid006453528	B01A
cid000071881	N02C
cid000065985	V08A
cid000071834	C02C
cid000002609	J01D
cid000054120	R05C
cid000006077	N05A
cid006442177	L01X
cid006442177	L04A
cid000004758	J01C
cid000122872	J05A
cid000002351	C08E
cid000127909	S01E
cid000002578	L01A
cid000003929	J01X
cid000005184	A04A
cid000005184	N05C
cid000005184	S01F
cid000071672	R07A
cid000517072	A01A
cid000002216	S01E
cid000033630	N05A
cid000004543	N06A
cid000019910	J01X
cid000004754	N02B
cid000006181	H03B
cid000003443	D06A
cid000003443	D09A
cid000003443	J01X
cid000003443	S01A
cid000003290	N04A
cid000005335	J01E
cid000007187	D10A
cid000055361	L04A
cid000000460	R05C
cid000021320	H02A
cid016211090	B05A
cid000003495	A05B
cid000021787	A03A
cid000000774	V04C
cid000027900	D04A
cid000027900	R06A
cid003033975	A03A
cid000004926	N05A
cid000003331	N03A
cid000001148	N06A
cid000003281	N05C
cid000023931	S01A
cid000008361	G04B
cid000004047	C03B
cid005488383	L01X
cid000020317	A05B
cid000017507	C05B
cid000008949	A06A
cid000008949	A12C
cid000008949	B05C
cid000003312	D05B
cid000014591	N06B
cid024847953	A02B
cid000007510	C04A
cid000007510	C10A
cid000068555	C01C
cid000068555	S01F
cid000004691	N06A
cid000005636	S01E
cid000002719	P01B
cid000060752	C01B
cid000005215	J01E
cid000071329	C01B
cid000031726	J01D
cid000000338	N02B
cid000002474	N01B
cid000071663	S01A
cid000003693	C09A
cid000054373	H01C
cid000003938	G02C
cid000003938	N02C
cid000003914	S01E
cid000008395	C01D
cid000010833	H03B
cid000011290	R06A
cid000005324	A07A
cid000051577	A10B
cid000001065	P01B
cid000035734	V08A
cid000000612	G01A
cid000055483	C01C
cid000031378	H02A
cid000517045	B05X
cid000001101	V06D
cid000047319	M03A
cid000065718	P01A
cid000000836	N04B
cid000005726	J05A
cid003084033	P01A
cid000003734	V08A
cid000168009	C01D
cid000060867	C01C
cid000006464	N05C
cid000003702	C03B
cid000000160	G02A
cid000003366	D01A
cid000003366	J02A
cid000071857	C01C
cid000068122	R06A
cid000004538	C01C
cid000002676	C10A
cid000002466	M01A
cid000002466	M02A
cid000005736	N05A
cid000005329	J01E
cid000008829	B03A
cid000005195	N04B
cid000038945	C01B
cid000003519	C02A
cid000005496	J01G
cid000005496	S01A
cid000003747	M05B
cid000024934	A12C
cid000222786	H02A
cid000222786	S01B
cid001549157	R02A
cid000006058	A16A
cid000004921	M01A
cid000065628	L01A
cid006333887	M01C
cid000004547	A10B
cid000004730	J01C
cid000010240	N05B
cid000005241	V08A
cid000017214	A14A
cid000071616	J02A
cid000001662	C10A
cid000133016	R06A
cid000128918	N07X
cid000005538	D11A
cid000002769	A03F
cid000008612	N01B
cid000064950	A05A
cid000005038	C09A
cid000004746	C08E
cid000068050	D01A
cid000068050	G01A
cid004659569	N04B
cid000001972	A01A
cid000001972	A07A
cid000001972	G01A
cid000001972	J02A
cid000002637	J01D
cid000022318	M01C
cid000000303	A05A
cid000017513	C01E
cid000016351	N05A
cid016129681	H01C
cid000002118	N05B
cid000035740	V08A
cid000024439	B05X
cid000005214	D06B
cid000154058	G04B
cid000287180	J01M
cid000002284	M03B
cid000068613	G02C
cid006445540	L01D
cid000000865	V09G
cid000000865	V09I
cid000000865	V09X
cid000000825	D11A
cid000000825	M01A
cid000003003	A07E
cid000003003	R03B
cid000004744	N05A
cid000018142	G03A
cid000032778	A10B
cid000003168	N01A
cid000003168	N05A
cid000073658	J01F
cid000037264	C02C
cid000001971	J05A
cid000009433	R03D
cid000060706	J01D
cid000003685	L01D
cid000002315	C03A
cid000024203	A06A
cid000024203	B05X
cid016129672	A10A
cid000071388	R05C
cid000005311	L01X
cid000072067	M03B
cid000016065	G03D
cid000002460	C01C
cid000001130	A11D
cid000091610	A10B
cid000004509	J01X
cid016156130	A10B
cid000005584	N06A
cid000110634	G04B
cid000003288	G03D
cid000004497	C08C
cid000037632	N05B
cid051601240	D06A
cid051601240	J01A
cid000060864	R01A
cid000060864	S01G
cid000041781	C03C
cid004659568	N04B
cid000010340	B05C
cid000010340	B05X
cid000003962	C10A
cid003325225	H05A
cid000016363	N05A
cid000077996	H05B
cid000003763	N01A
cid000065437	V08A
cid000004938	N06B
cid000006503	B05B
cid000006503	B05X
cid000047979	N05A
cid016132446	A10B
cid000006224	B05C
cid009852188	N02B
cid000004919	N04A
cid000025419	M05B
cid000154256	G03X
cid000053359	A10X
cid000000453	B05B
cid000068952	A14A
cid000002795	R05D
cid000071379	C02C
cid000002170	N06A
cid000008230	H01B
cid000005634	D01A
cid000002717	M03B
cid003047788	R05D
cid000036339	N01A
cid016132353	V04C
cid000060789	C01C
cid000000866	B05X
cid000004842	L01A
cid009815559	B01A
cid004052643	B06A
cid004052643	S01K
cid000003062	C01A
cid000003823	D01A
cid000003823	G01A
cid000003823	J02A
cid000008753	D09A
cid000004197	C01C
cid000004033	L01A
cid000002447	N05C
cid000004991	N07A
cid000000698	G03C
cid000005466	N03A
cid000002982	P03B
cid000065777	C10A
cid000007697	D01A
cid000003661	V03A
cid000070374	J04A
cid000004806	A07A
cid000000727	P03A
cid000000564	B02A
cid000216239	L01X
cid000083435	C04A
cid000014676	R06A
cid000005360	P01C
cid000000876	V03A
cid000062865	N05A
cid000104849	A08A
cid000006518	C01D
cid000022173	V03A
cid071312240	D03B
cid000009469	M03B
cid000011114	N01B
cid045114148	A02B
cid000123891	J01D
cid000004619	R05D
cid000060878	C09C
cid000023429	J04A
cid000023429	S01A
cid000023429	S02A
cid000011367	P01A
cid000002537	C01E
cid000004949	V08A
cid000005727	B05X
cid000006518	A06A
cid000002907	L01A
cid000065687	R07A
cid000001046	J04A
cid000072138	C02A
cid000068703	C04A
cid000037042	C01B
cid000005721	J05A
cid000002804	C03B
cid000003080	V03A
cid000014687	G03D
cid000517044	B05X
cid000003008	R05D
cid000005746	L01D
cid000003380	N05C
cid000006839	N03A
cid000004756	G04B
cid000160051	C10A
cid000004425	V03A
cid000006257	N05B
cid000000604	D11A
cid000003191	R06A
cid000005510	D01A
cid000003377	N07C
cid000004922	A02B
cid000004845	R03A
cid000004845	R03C
cid000065664	P01B
cid000005556	N05C
cid000065957	J01M
cid000032281	V04C
cid000000937	C04A
cid000000937	C10A
cid000005257	J01M
cid016136245	L02B
cid000004916	R03A
cid000004916	R03C
cid000001546	L01B
cid000486300	A01A
cid000486300	D01A
cid000486300	G01A
cid000486300	G04C
cid004474062	C01D
cid000068760	J01E
cid000004451	J05A
cid000003804	J01F
cid000002442	R05C
cid000004101	J01X
cid000006857	D04A
cid009846180	B02B
cid000002475	C07A
cid000039524	N03A
cid000036283	R03A
cid000004099	N03A
cid053297363	D01A
cid053297363	G01A
cid053297363	J02A
cid010440987	H01B
cid000005473	A03A
cid000002270	J01C
cid040563218	L03A
cid000005029	M01A
cid000005029	M02A
cid000031264	N05C
cid000004440	N02C
cid006913668	B02B
cid006913668	G04B
cid000123597	S01E
cid000026370	A02A
cid000036811	C01C
cid000005394	L01A
cid040468184	B01A
cid000006166	H02A
cid000050153	P03B
cid000047320	M03A
cid000004734	V04C
cid000002206	N02B
cid000002206	S02D
cid000035803	P02C
cid000004887	R03D
cid000002801	N06A
cid000002780	A03F
cid000031346	V08A
cid006918584	V03A
cid000072466	L01D
cid000001923	A01A
cid000001923	D08A
cid000001923	G01A
cid000001923	R02A
cid000100472	M01A
cid000003089	N02C
cid000002296	C08C
cid016132344	V04C
cid000004770	M03B
cid000005650	C09C
cid000131535	J05A
cid003364573	A05A
cid003005837	D11A
cid000031799	A03A
cid000060612	N05C
cid000005483	R05C
cid000004260	C04A
cid000004260	G04B
cid000002713	A01A
cid000002713	B05C
cid000002713	D08A
cid000002713	D09A
cid000002713	R02A
cid000002713	S01A
cid000002713	S02A
cid000002713	S03A
cid000091561	D08A
cid000003381	C05A
cid000003381	D07A
cid000003381	S01B
cid000003381	S02B
cid000004062	N01B
cid000027661	C01D
cid000000861	H03A
cid000004036	M01A
cid000004036	M02A
cid000002965	C02C
cid000023342	C01E
cid000005838	N05C
cid000070569	C04A
cid000028426	A05A
cid000071348	H01C
cid000004004	P03A
cid000119830	J05A
cid000003334	P02C
cid000003016	N05B
cid000002335	R02A
cid000004678	A11H
cid000004678	D03A
cid000004678	S01X
cid000005071	J05A
cid000004923	P01B
cid000121396	A16A
cid000148192	J05A
cid000005839	H02A
cid054690031	M01A
cid000003308	M01A
cid000004900	A07E
cid000004900	H02A
cid000005591	A10B
cid000005587	D04A
cid000005587	R06A
cid070695640	C10A
cid000003676	C01B
cid000003676	C05A
cid000003676	D04A
cid000003676	N01B
cid000003676	R02A
cid000003676	S01H
cid000003676	S02D
cid000065750	N05A
cid000041774	A10B
cid000004066	R06A
cid000024365	P03B
cid000036709	G03D
cid000021721	R05D
cid000004932	C01B
cid006918462	D06A
cid000002647	J01D
cid000005393	C09A
cid000125017	N06A
cid000002735	A11C
cid000007638	D11A
cid000004542	G03A
cid000077993	N02C
cid056842117	L01X
cid000162263	P03A
cid000002958	L01D
cid000066383	C04A
cid000005467	N05A
cid000035726	D04A
cid000005512	G04B
cid000003049	G03C
cid000066249	H02A
cid000003608	N01A
cid000003608	N05C
cid000000206	A12A
cid000000206	G04B
cid000002148	V04C
cid000005419	R01A
cid000005419	S01G
cid000021846	N04A
cid000005336	J01E
cid000004642	A03A
cid000003384	C05A
cid000003384	D07A
cid000003384	D07X
cid000003384	D10A
cid000003384	S01B
cid000003384	S01C
cid000004055	B02B
cid000031728	G02C
cid000002792	D07A
cid000002792	S01B
cid000062959	J01M
cid000135113	A16A
cid000002806	B01A
cid000002912	P03B
cid000003461	L01B
cid000004761	R06A
cid000003181	G03D
cid000004977	R03D
cid000037392	P01B
cid000003299	N05B
cid000054786	B01A
cid000017675	J01F
cid009854489	R01A
cid000072144	J01X
cid000000214	C01E
cid000000214	G04B
cid000210320	R01A
cid000210320	S01G
cid000001031	D08A
cid028412038	J01A
cid016132418	A10A
cid000029051	L01D
cid000065526	B02A
cid000005429	C03B
cid000005429	R03D
cid000000815	A07A
cid000000815	J01G
cid000000815	S01A
cid000004411	C07A
cid000003446	N03A
cid000120183	N02B
cid000031772	P01C
cid000003425	L01X
cid000004159	D07A
cid000004159	D10A
cid000004159	H02A
cid000002179	L01X
cid000002683	B05C
cid000002683	D08A
cid000002683	D09A
cid000002683	R02A
cid000000119	N03A
cid000002088	M05B
cid000003336	C08E
cid000002800	G03G
cid000003915	R01A
cid000003915	S01G
cid000072106	M01A
cid000006151	N05B
cid000003158	N06A
cid000039940	G02C
cid000039940	M01A
cid000003365	D01A
cid000003365	J02A
cid000004495	M01A
cid000012894	J01E
cid000017455	D07A
cid000017455	D07X
cid023668479	J05A
cid000010294	C03B
cid000004140	G02A
cid000151171	C03X
cid000001684	J05A
cid000002564	R06A
cid000032169	N01B
cid000026248	M01A
cid000068953	M04A
cid000001071	A11C
cid000001071	D10A
cid000001071	R01A
cid000001071	S01X
cid000003152	N06D
cid000021782	G01A
cid000005515	L01X
cid004479094	H05B
cid000006374	D09A
cid000071698	C07A
cid000004992	D04A
cid000004992	R06A
cid000005478	C07A
cid000005478	S01E
cid000007741	V04C
cid000002333	M04A
cid000004934	A03A
cid000055756	R06A
cid000000085	A16A
cid025880656	A01A
cid025880656	J01A
cid004479097	B03B
cid004479097	V03A
cid000003718	M01A
cid000041477	A07E
cid000041477	R01A
cid000004614	M01A
cid000003052	P02C
cid000021102	N02B
cid000004020	A08A
cid003000579	J01E
cid000005525	C09A
cid000004428	N07B
cid000003070	A11C
cid000026937	R05D
cid000003371	M01A
cid000005734	N03A
cid000071771	M01A
cid000071771	M02A
cid000005568	N05A
cid000062816	C10A
cid000033675	M01A
cid000005051	C02A
cid000059708	N03A
cid000002675	J01D
cid000051081	J01M
cid000041744	L01D
cid000003435	G01A
cid000003642	D07A
cid000216237	C03X
cid000014457	V08C
cid000006729	R06A
cid000003706	J05A
cid000219024	C01E
cid000003110	N02B
cid000068921	D07A
cid000027648	V08A
cid000462481	J01F
cid000001176	B05B
cid000001176	D02A
cid000025803	M03B
cid000123606	N02C
cid003081362	J01X
cid000005095	N04B
cid016132441	B01A
cid000003396	N05A
cid000003251	N02C
cid000000298	D06A
cid000000298	D10A
cid000000298	G01A
cid000000298	J01B
cid000000298	S01A
cid000000298	S02A
cid000000298	S03A
cid000003229	J01M
cid000004493	L02B
cid000002684	N07A
cid000024441	A12A
cid000003879	C01A
cid000002370	N07A
cid000011248	B03A
cid000003105	S01E
cid000032281	H01A
cid000006762	N05A
cid000003877	J05A
cid000030160	N04A
cid000012620	D06B
cid000197784	A03A
cid000003114	C01B
cid000003636	A03B
cid000000679	G04B
cid000000679	M02A
cid000003449	N06D
cid000004487	M02A
cid000004487	N02B
cid000003658	N05B
cid000150610	J01D
cid000003450	M03A
cid056841936	A07B
cid000004850	N04B
cid000028328	R03D
cid026275995	A01A
cid026275995	J01A
cid000004595	A04A
cid000521308	R05D
cid000002663	C07A
cid000102551	C01C
cid000005454	N05A
cid000003379	R01A
cid000003379	R03B
cid006328160	D09A
cid006328160	M05B
cid000002575	J01C
cid000054889	C09A
cid000000785	D11A
cid000061745	A02A
cid000061745	A06A
cid000065782	N06B
cid000003382	C05A
cid000003382	D07A
cid000096312	L01B
cid000000750	B05C
cid000003956	J01D
cid000005717	R03D
cid000027337	B06A
cid000130881	C09C
cid000004211	L01X
cid000021722	N06A
cid024839895	L03A
cid000003954	A07D
cid000071113	N03A
cid000444033	R03B
cid000002307	A07E
cid000002307	D07A
cid000002307	R01A
cid000002307	R03B
cid000026000	C01D
cid000010576	G03D
cid000062179	N05C
cid000123620	D07A
cid000123620	D07X
cid000123620	R01A
cid000123620	R03B
cid000003069	S01A
cid000007628	S02A
cid000002119	C07A
cid000003350	D11A
cid000003350	G04C
cid000036523	H01C
cid000036523	V04C
cid000004689	A07A
cid000014669	N05A
cid000004894	A07E
cid000004894	C05A
cid000004894	D07A
cid000004894	D07X
cid000004894	H02A
cid000004894	R01A
cid000004894	S01B
cid000004894	S01C
cid000004894	S02B
cid000004894	S03B
cid000005572	N04A
cid000002467	C04A
cid000003195	C04A
cid000003661	S01F
cid000000191	J05A
cid000000191	S01A
cid000003780	C01D
cid000003780	C05A
cid000004603	J05A
cid000005524	R01A
cid000004506	N05C
cid000003065	C04A
cid000002996	C01A
cid000107688	V03A
cid016131294	J01X
cid000000247	A16A
cid000004677	A11H
cid000000718	C01E
cid000009303	V08A
cid000002752	C08C
cid000004868	A07A
cid000004868	J01X
cid000004868	S01A
cid000004868	S02A
cid000004868	S03A
cid000011498	C01D
cid000007017	D08A
cid000020977	D08A
cid000052421	D07A
cid000019596	J01E
cid000003640	A01A
cid000003640	A07E
cid000003640	C05A
cid000003640	D07A
cid000003640	D07X
cid000003640	H02A
cid000003640	S01B
cid000003640	S01C
cid000003640	S02B
cid000004740	C04A
cid000005718	J05A
cid000002512	G02C
cid000002512	N04B
cid000005291	L01X
cid000002653	J01D
cid000001978	C07A
cid000005452	N05A
cid000004844	L01D
cid000003948	J01M
cid000003948	S01A
cid000004943	N01A
cid000031083	B03A
cid000002577	L01B
cid009989226	D10A
cid000000450	G03C
cid000003793	J02A
cid000004034	R06A
cid000022525	P02C
cid000002309	S01E
cid000000001	N06B
cid000068093	N02B
cid000056016	V08A
cid000065014	L03A
cid000071898	R01A
cid000003609	R03A
cid000003609	R03C
cid000006481	R05D
cid000006238	G03D
cid027233777	A01A
cid027233777	D06A
cid027233777	J01A
cid027233777	S01A
cid000005408	G03B
cid000004993	P01B
cid000005035	G03X
cid000003475	A10B
cid000002712	N05B
cid000003203	J05A
cid000031388	D08A
cid000060834	N06A
cid000004581	C01C
cid000002622	J01D
cid000002895	M03B
cid000027020	D08A
cid000006093	P02B
cid000151165	A04A
cid005361917	A06A
cid000001986	S01E
cid000004764	A06A
cid000003397	L02B
cid019105621	D08A
cid000022378	N01B
cid000044112	C07A
cid000072111	A07A
cid000072111	D06A
cid000002444	R06A
cid000005405	R06A
cid000216235	C02K
cid000004173	A01A
cid000004173	D06B
cid000004173	G01A
cid000004173	J01X
cid000004173	P01A
cid016129703	B01A
cid000025960	A12C
cid000004087	C01C
cid000003372	N05A
cid000004626	N06B
cid000004781	M01A
cid000004781	M02A
cid000030768	N05B
cid000004178	C01B
cid000004060	N03A
cid000004771	A08A
cid000004272	L04A
cid005479141	L03A
cid000004510	C01D
cid000004510	C05A
cid000003241	R06A
cid000003241	S01G
cid000030949	C04A
cid000026388	A04A
cid000000596	L01B
cid000051711	N06B
cid000003698	C01C
cid000004727	M01C
cid000002569	L01A
cid000061791	N02A
cid000110635	G04B
cid000002631	J01D
cid000060852	M05B
cid000005354	C04A
cid000007186	M03B
cid000001072	A11H
cid000002610	J01D
cid000023576	C02B
cid000074989	P01A
cid000021109	C01E
cid000060853	N05A
cid000054454	C10A
cid000008554	P03B
cid000016957	D08A
cid000024424	A12C
cid000004528	N06A
cid000023991	N01A
cid000004075	A07E
cid000029088	B01A
cid000003871	A06A
cid000003063	N02A
cid000004749	C01A
cid000010311	P01C
cid000060146	G04C
cid000042261	A03A
cid000002274	J01D
cid000002522	D05A
cid000072416	P01B
cid000000587	C01E
cid000021855	D04A
cid000021855	R06A
cid006446788	G01A
cid006446788	P01A
cid000452550	D06A
cid000452550	R02A
cid000452550	S01A
cid000003269	G03C
