cid000028871	M01
cid000028871	M02
cid000002369	C07
cid000002369	S01
cid000002194	A16
cid000042113	N01
cid000017676	N05
cid000031477	S01
cid006918558	G04
cid000002202	D05
cid000041049	N02
cid005462337	A07
cid000006526	N05
cid000048040	C01
cid000028688	R01
cid000001979	S01
cid000025959	V03
cid000001997	C01
cid000132999	C01
cid000002249	C07
cid000004679	A02
cid000021751	V08
cid000068671	C10
cid000071534	A03
cid000004649	J04
cid053487900	C10
cid000062867	N05
cid000002771	N06
cid000002997	N05
cid000004114	D05
cid000003476	A10
cid000003928	J01
cid000014520	A05
cid000004019	N04
cid000034457	L01
cid000002805	R05
cid000002681	D08
cid000002681	R02
cid016683103	S01
cid000024470	D08
cid000004915	L01
cid000062984	A02
cid000002816	N05
cid000016473	C03
cid000004857	J01
cid000004195	C01
cid003014382	A12
cid000040589	N06
cid000002016	R02
cid000013916	D01
cid000003607	A01
cid000017557	P01
cid051537605	J01
cid000014190	N06
cid000060814	N01
cid000072141	D04
cid000068925	D01
cid000068925	G01
cid000002073	C01
cid000003950	L01
cid000005902	A03
cid000065825	C01
cid000003393	N05
cid000000271	A12
cid000441332	G02
cid016213095	B05
cid000003750	L01
cid000003275	C01
cid000005355	N05
cid000003932	N06
cid000002562	R05
cid000072054	G04
cid000005748	A03
cid000156418	H05
cid000123631	L01
cid000000702	D08
cid000000702	V03
cid000005193	N05
cid000002658	J01
cid000017477	V08
cid000003066	N02
cid000004913	C01
cid000016230	C03
cid000003675	N06
cid000010413	N01
cid000010413	N07
cid000000723	D05
cid000005402	D01
cid000004753	N03
cid003081884	L03
cid000004775	A16
cid023663989	M01
cid000002803	C02
cid000002803	N02
cid000002803	S01
cid000062705	A01
cid000062705	D01
cid000001065	C01
cid000005342	M04
cid000104865	C02
cid000014652	A02
cid000000823	N07
cid000002826	N01
cid000002826	R02
cid000002826	S01
cid000002826	S02
cid000005533	N06
cid016129620	H01
cid016129620	V04
cid000050942	R03
cid000004476	C10
cid000071815	P01
cid000003340	C01
cid000002226	J01
cid000060936	M05
cid000004051	M01
cid009832423	C10
cid000010112	A02
cid000010112	A12
cid025077993	H01
cid006436054	A07
cid000071682	N06
cid000002763	C10
cid000036273	J01
cid000002726	N05
cid000005668	C04
cid000000253	A11
cid006918182	M05
cid005381226	J04
cid000208908	L01
cid000039214	L01
cid000004043	S01
cid000011192	A16
cid000005471	J01
cid000000864	A16
cid000002733	M03
cid000000187	S01
cid000002548	M02
cid000002548	N01
cid016129629	J01
cid000157688	L01
cid000003015	G03
cid000010101	N02
cid005353894	V03
cid000065589	N06
cid000002978	A04
cid000005002	N05
cid000037465	L01
cid000033625	C02
cid000666418	J04
cid000016575	R06
cid000032744	L03
cid000002550	C09
cid000071798	C02
cid000004748	N05
cid000005917	R07
cid000122197	V09
cid000029566	B05
cid000022502	J01
cid000017506	B02
cid000667490	L01
cid000003512	D01
cid000002612	J01
cid000003360	N02
cid000005379	J01
cid000005379	S01
cid000003890	S01
cid000002310	R07
cid000005219	C01
cid003032788	M03
cid000002524	A11
cid000002524	D05
cid000005918	N07
cid000004417	C04
cid000002536	B02
cid000004165	C03
cid000071637	N04
cid000071749	A02
cid000102258	V03
cid000002729	N05
cid000065039	J01
cid000213043	J01
cid000006049	V03
cid000060020	J01
cid000000838	A01
cid000000838	B02
cid000000838	C01
cid000000838	R01
cid000000838	R03
cid000000838	S01
cid000004688	C02
cid000003249	A11
cid000003180	N01
cid000003180	R02
cid000002372	C07
cid000071301	C07
cid000002097	M01
cid000002431	C01
cid000358641	J01
cid000005120	V09
cid000070846	B01
cid000003007	N06
cid000065632	R05
cid000002344	N04
cid000009015	D11
cid000002629	J01
cid000060796	L02
cid051508717	M01
cid000027991	H01
cid000005965	S01
cid000001084	V03
cid000002662	L01
cid000002662	M01
cid000072105	G01
cid000072105	P01
cid000071124	A11
cid000004583	J01
cid000004583	S01
cid000004583	S02
cid000000175	G01
cid000000175	S02
cid000004891	P02
cid000042396	C01
cid000023403	C10
cid000000977	V03
cid000005277	A14
cid000003467	D06
cid000003467	J01
cid000003467	S01
cid000003467	S02
cid000003467	S03
cid000036975	R03
cid000005860	A03
cid000003961	C09
cid000004830	N05
cid000008024	N01
cid000035802	P02
cid000020543	A12
cid000000774	L03
cid000007436	A01
cid000007436	B02
cid000010404	P03
cid000002678	R06
cid000003148	A04
cid000093860	L01
cid000003364	J01
cid000028891	R05
cid000002904	C03
cid000003738	V08
cid000024766	M01
cid000006104	M01
cid000005566	N05
cid000004633	D04
cid000004633	S01
cid016131180	B02
cid000004605	C01
cid000018830	H01
cid000018735	N01
cid000005709	R01
cid000005709	S01
cid000002673	J01
cid000068780	G01
cid000001814	D06
cid000002008	L01
cid000004976	N06
cid000059768	C07
cid000004168	A03
cid000005611	V08
cid000003562	N01
cid000008771	C05
cid024832095	S01
cid000004724	C07
cid000002161	A01
cid000002161	R03
cid000008271	N03
cid000021771	N06
cid000000311	A09
cid000002355	D05
cid000012453	N05
cid000031072	H03
cid000003762	R03
cid000008762	A04
cid006436232	B03
cid000004908	P01
cid004517618	V03
cid000041653	J01
cid000056338	N03
cid000003406	V03
cid044565928	A07
cid044565928	J01
cid000071132	C01
cid000003404	N06
cid023671663	B05
cid000019396	R06
cid000005672	L01
cid000002646	J01
cid000003250	G02
cid000004421	J01
cid054681041	J01
cid006850719	A06
cid000003463	C10
cid000000206	B05
cid000000206	V04
cid000000206	V06
cid005251896	A10
cid000443082	J01
cid000120507	R05
cid000005073	N05
cid000002441	N05
cid000011259	A10
cid000016759	C05
cid000067686	D01
cid000003966	C01
cid000013790	G03
cid000011439	G04
cid000002656	J01
cid000013355	A06
cid000003740	V08
cid000004107	M03
cid000002732	C03
cid000000291	N06
cid000022424	R05
cid000004616	N05
cid000003767	J04
cid000014888	L01
cid000060695	M03
cid000062819	G03
cid000003824	M01
cid000003303	R05
cid000003303	S01
cid000004870	C03
cid000001079	A16
cid000068740	M05
cid000004745	N04
cid000004831	J01
cid000069594	C03
cid000087819	R03
cid000004666	L01
cid000024199	A03
cid000003889	J01
cid000008944	N01
cid000019254	N05
cid000012675	V08
cid000002471	C03
cid000114790	A02
cid000005316	J01
cid000005733	M01
cid000002802	N03
cid000004158	N06
cid000003169	R05
cid016137271	A10
cid000000951	C01
cid000003487	N05
cid000064949	D08
cid000064949	S01
cid000005560	C03
cid000004585	N05
cid000005875	H02
cid000065679	M01
cid000071807	J01
cid000036089	R05
cid000004612	P02
cid006433101	S01
cid000003182	R03
cid000003025	C05
cid000003025	D04
cid000003025	N01
cid000003025	S01
cid000004264	D06
cid000004264	R01
cid003086257	L01
cid000021723	P01
cid000003592	N02
cid000064655	A02
cid000016098	C10
cid000005455	P03
cid000005335	S01
cid000051767	N05
cid000068712	C02
cid000017794	S01
cid000005645	A05
cid015979285	J05
cid000008550	C02
cid000071339	J01
cid044134877	D06
cid044134877	G01
cid044134877	J01
cid044134877	S01
cid000000611	A09
cid000068911	P01
cid000104799	L01
cid000129806	C10
cid000004855	J01
cid000004909	N03
cid000077254	D01
cid000170190	A02
cid000002311	C09
cid000004536	G03
cid000163296	J05
cid016683012	P01
cid000004514	N06
cid000024550	A01
cid000000237	P01
cid000021719	D11
cid000004680	A03
cid000004680	G04
cid000003325	A02
cid000004675	M03
cid000432452	A01
cid000000772	B01
cid000003054	G03
cid000003054	L02
cid000004865	D06
cid000005978	L01
cid000004041	N05
cid000000450	L02
cid000003947	N06
cid000005224	J01
cid005282429	V04
cid000656635	B01
cid000030729	G01
cid000004911	M04
cid000516875	D08
cid000516875	V03
cid000025048	M01
cid000003059	N02
cid000083030	L04
cid000003696	N06
cid000065814	C07
cid000005314	M03
cid000002972	V03
cid000000738	A16
cid000068888	N06
cid000004032	C02
cid000002232	B01
cid000003078	R07
cid000002725	R06
cid000003374	J01
cid000004409	M01
cid000004999	N05
cid000007681	D08
cid000007681	D09
cid000007681	R02
cid000026709	H02
cid000024087	D01
cid000002891	B03
cid000004189	A01
cid000004189	A07
cid000004189	D01
cid000004189	G01
cid000004189	J02
cid000004189	S02
cid000003661	A03
cid016129616	H05
cid000002171	J01
cid000002094	M04
cid000002244	A01
cid000002244	B01
cid000002244	N02
cid000055466	V08
cid005362070	A07
cid000002727	A10
cid000132804	C10
cid000003730	V08
cid000016850	S01
cid000004874	R05
cid000037367	N05
cid000063019	D07
cid000004782	C01
cid000004782	R01
cid000004782	S01
cid000003873	A02
cid000003518	C02
cid000003518	S01
cid000483407	J05
cid000004786	A08
cid025201794	B01
cid000005411	C05
cid000005411	D04
cid000005411	N01
cid000005411	S01
cid000012603	C01
cid000002478	L01
cid025074470	L02
cid000030623	V03
cid000148211	A04
cid000002710	R06
cid000017358	V08
cid000004059	M03
cid000023723	C01
cid000003282	N02
cid000155773	C01
cid000003198	D01
cid000003198	G01
cid000005327	J01
cid000072145	R06
cid000001775	N03
cid000014584	N06
cid000065702	L01
cid000016362	N05
cid000002909	L04
cid000002909	S01
cid000043814	R05
cid000002554	N03
cid000060168	M03
cid000068705	A03
cid000004763	N03
cid000001798	S01
cid000002476	N02
cid000002476	N07
cid000029563	A01
cid000029563	D08
cid000005597	A02
cid000005595	A04
cid000021776	A08
cid000004849	C03
cid000072135	N05
cid000005300	L01
cid000011430	A12
cid000030667	N07
cid000124087	R06
cid000005581	R03
cid000005344	J01
cid000005344	S01
cid000002159	N05
cid000037497	N01
cid000002265	L04
cid000003199	L01
cid000040703	A03
cid000012598	N05
cid005280805	C05
cid000017336	N05
cid000070881	A03
cid021584777	A02
cid000093057	G03
cid000129228	N03
cid000003306	C01
cid000034536	V08
cid000004914	C05
cid000004914	N01
cid000004914	S01
cid000004449	N06
cid000003151	A03
cid000005340	D06
cid000005340	J01
cid000002747	C01
cid000005391	N05
cid000053275	N02
cid006102852	V08
cid000028486	N05
cid000040027	J01
cid000001080	R05
cid000002547	J04
cid000023497	N04
cid000005381	D05
cid000002520	C08
cid000008238	P02
cid000027400	N02
cid000003649	M09
cid000004638	A14
cid000002616	J01
cid000003760	D01
cid000003760	G01
cid000002366	N07
cid000005582	P01
cid000026618	C03
cid000071652	C03
cid009812414	B01
cid000230181	C10
cid000005430	D01
cid000005430	P02
cid000005726	S01
cid000003784	C08
cid000002767	L01
cid003000715	N01
cid003000715	N05
cid000047640	D01
cid000039507	H02
cid000039507	S01
cid000000681	C01
cid000019090	G03
cid000019090	L02
cid000005533	A06
cid000024856	S01
cid000004768	C04
cid000004257	N05
cid000037475	P02
cid000002267	R01
cid000002267	R06
cid000002267	S01
cid000034055	G04
cid000004587	J01
cid000003516	R05
cid000003333	C08
cid000029025	R05
cid000009417	N06
cid000010518	N05
cid000166031	N02
cid011979316	H01
cid000003781	D04
cid000003781	R06
cid000068876	B01
cid016131215	L02
cid054708299	B01
cid000002487	N02
cid000005078	N02
cid000068707	R05
cid023724978	L01
cid000006719	B01
cid000000739	M01
cid016129665	V04
cid000005603	R01
cid000010547	S01
cid000008589	A03
cid000005486	B01
cid000003998	D06
cid000005666	N06
cid000004822	R06
cid000004454	A01
cid000004454	A07
cid000004454	B05
cid000004454	D06
cid000004454	J01
cid000004454	R02
cid000004454	S01
cid000004454	S02
cid000004454	S03
cid000004886	C05
cid000004886	D04
cid000009283	J07
cid000003657	L01
cid000002352	B01
cid009947828	A02
cid000008419	C02
cid000003821	N01
cid000003075	C08
cid000153941	J05
cid000003453	D11
cid000004836	J01
cid000004086	R03
cid000004046	P01
cid000071260	J01
cid000009425	P01
cid053477714	B01
cid053477714	C05
cid053477714	S01
cid005281007	L01
cid000003339	C10
cid003050404	D08
cid003050404	G01
cid000002215	G04
cid000002215	N04
cid000008275	N05
cid000036845	N02
cid000021975	B01
cid000021975	N02
cid000002240	P01
cid000003830	B06
cid000000598	R05
cid000000598	V03
cid000003872	A06
cid000004248	R03
cid000060164	D10
cid000002551	N07
cid000002551	S01
cid000009661	N05
cid000072014	C07
cid000002833	M04
cid000002096	G03
cid000036131	C01
cid000002099	A03
cid000009296	L01
cid000071675	A08
cid000077197	P01
cid000004631	C07
cid000039860	A04
cid000024393	B03
cid000002910	C03
cid000065939	A03
cid000003958	N05
cid000002381	N04
cid000061336	A06
cid000003743	V08
cid000002995	N06
cid000003601	M03
cid000005032	R01
cid000005032	R03
cid000005032	S01
cid000071316	M03
cid000003143	L01
cid000003222	C09
cid000157921	L01
cid000004063	H02
cid000000191	C01
cid000072148	N04
cid000037720	C05
cid000003783	C04
cid000004450	N02
cid000003392	D07
cid000008668	R06
cid000002175	J01
cid000054765	R03
cid000004475	C04
cid000001935	N06
cid000065906	R06
cid019710891	P03
cid011672461	V08
cid000002200	R01
cid000002200	R06
cid000002576	M03
cid000003883	A02
cid000071655	J05
cid000019063	N06
cid000002781	D04
cid000002781	R06
cid006323497	J04
cid000002799	J01
cid000003598	D08
cid000004641	M01
cid000004641	M02
cid000004641	S01
cid016129670	V04
cid000002783	R03
cid000009395	S01
cid000003117	N07
cid000003117	P03
cid000000232	B05
cid000002282	J01
cid000009418	N06
cid000102210	G03
cid000102210	L02
cid000006300	A14
cid000006300	D11
cid000003671	R03
cid000124093	J01
cid000004212	L01
cid000066408	G03
cid000004507	C08
cid000002811	N05
cid000002796	C10
cid010452965	M01
cid000006476	N03
cid000004078	N05
cid000004725	D06
cid000004725	J05
cid000002751	C09
cid000004739	L01
cid000002133	D07
cid000003043	J05
cid000005234	S01
cid000005376	L02
cid000003553	D07
cid003033952	A02
cid000157920	A06
cid000003375	D07
cid000071717	G03
cid000004236	N06
cid000000359	A03
cid000071886	J01
cid000022530	R06
cid000071636	A03
cid000004839	A03
cid000065983	J01
cid000170361	N07
cid000005530	N06
cid000005719	N05
cid044146714	A10
cid023669229	V04
cid000036909	R05
cid000005803	D11
cid000005803	H03
cid000002391	A06
cid000003690	L01
cid000018377	V08
cid000004419	N02
cid000035329	R03
cid000071679	G04
cid000516900	H03
cid000028061	G01
cid000028061	J01
cid000028061	P01
cid000042615	L02
cid000007172	C01
cid000007172	S01
cid000001989	A10
cid000056959	C01
cid000000143	V03
cid000003302	A14
cid000002973	V03
cid000002368	C02
cid000444013	V08
cid044567678	J01
cid000005502	N05
cid000035949	R05
cid000028425	N05
cid000004627	R03
cid000004235	N06
cid000003387	G03
cid000004162	N05
cid000065592	P01
cid000005639	C02
cid000003307	N05
cid000003595	J01
cid000003038	S01
cid000166548	J02
cid005357051	J05
cid000007627	D08
cid000000988	A11
cid000000988	D03
cid000005054	D10
cid000005054	S01
cid000010090	R05
cid000003899	L04
cid003082460	C05
cid011947681	C02
cid000004723	N06
cid000005514	N03
cid000162200	A06
cid000003285	G03
cid000003285	L02
cid009794606	A07
cid000004116	N02
cid000000119	L03
cid000005564	D08
cid000005564	D09
cid000026394	A03
cid016682839	P01
cid000025654	R03
cid000004460	J01
cid000004460	S01
cid002761171	J04
cid000003036	P03
cid000005526	B02
cid000005152	R03
cid000054808	S01
cid000005356	N03
cid000002017	B05
cid000002017	D08
cid000014706	N02
cid006435110	P02
cid000003079	R05
cid000009363	R07
cid000047528	C01
cid000010188	N05
cid000003610	R02
cid000072474	J01
cid000064725	J01
cid000158536	V08
cid000004494	C08
cid000000892	A11
cid000004472	N06
cid000065866	C08
cid000062474	C05
cid000065720	J04
cid000054313	B01
cid006335910	N07
cid004077900	C04
cid000004888	S01
cid000068749	N02
cid000002345	P03
cid000125889	N03
cid000004167	N04
cid000002559	J01
cid000002187	L02
cid000083182	A12
cid000060662	C08
cid000198125	H03
cid016130957	H01
cid000000402	D10
cid000003230	D03
cid000009291	B03
cid000002617	J01
cid000034521	N06
cid000122335	L01
cid000003367	L01
cid000002611	J01
cid000060795	N05
cid000197281	V08
cid000004826	C02
cid000004171	C07
cid000667493	H03
cid000013314	N05
cid000000807	D08
cid011235728	A10
cid000005578	J01
cid000004139	V03
cid000004139	V04
cid000002250	C10
cid000005373	J01
cid000104741	L02
cid000004951	C01
cid000007511	D09
cid000002951	M03
cid000004083	J01
cid000004423	V03
cid000062924	D07
cid000062924	R01
cid000062924	R03
cid000004166	C01
cid005001396	B01
cid000000206	A12
cid000003869	C07
cid000057537	N04
cid000004609	L01
cid000005647	J05
cid000027485	D07
cid000005266	J01
cid006918220	L01
cid000060877	J05
cid000005516	L02
cid000003724	V08
cid000122316	N04
cid005319192	A12
cid000159252	B03
cid000031508	M01
cid000004199	N06
cid000004940	N05
cid000010157	C04
cid000071421	A07
cid000031640	N05
cid016130295	B02
cid000072081	H01
cid000005651	A07
cid000005651	J01
cid000004184	N06
cid000065624	R06
cid000000784	A01
cid000000784	D08
cid000000784	S02
cid005281613	C05
cid000003108	B01
cid000004747	N05
cid000001983	N02
cid000005245	M05
cid000072060	N03
cid000002950	A06
cid000044562	B01
cid000010239	M01
cid000005673	N06
cid000168924	V03
cid000004192	N05
cid000033746	N05
cid000005546	C03
cid000004828	C07
cid000001054	A11
cid000039042	C10
cid000005440	R06
cid000002788	D08
cid000002788	D09
cid000002788	G01
cid000002788	P01
cid000002788	S02
cid000002528	V08
cid000005396	L01
cid000150311	C10
cid000050248	P02
cid000000159	B01
cid005488547	A06
cid000009904	A14
cid000009904	S01
cid000005506	D01
cid000004640	N05
cid000071196	N03
cid000115355	A16
cid000104758	L01
cid000004837	P02
cid000005039	A02
cid000004539	J01
cid000004539	S01
cid000003510	A04
cid000002655	J01
cid000013313	G03
cid000047471	G01
cid006452712	A02
cid000068704	M01
cid006918456	B01
cid000122553	R03
cid000003440	C03
cid000005606	R03
cid000041317	D05
cid000006764	P01
cid000003324	J05
cid000003324	S01
cid000004112	L01
cid000004112	L04
cid000002446	A03
cid000003157	C02
cid000005064	J05
cid040468198	B01
cid000005573	A03
cid000015386	N05
cid016129682	H05
cid004369359	A10
cid000004889	C10
cid000006235	L01
cid000156326	N05
cid000005147	N02
cid003001386	J04
cid000018140	L01
cid000005066	J01
cid000002324	C08
cid000009982	A08
cid000003332	M02
cid000003723	V08
cid006433117	R03
cid000004138	C02
cid000001031	C10
cid000005320	S01
cid000004814	B01
cid000011289	G03
cid000145068	R07
cid000019161	M01
cid000006292	N05
cid000024380	B03
cid000003817	J05
cid025077405	H01
cid000003957	R06
cid000004170	C03
cid016129675	V04
cid000003121	N03
cid025074886	H01
cid000005878	A14
cid000156054	A02
cid000034328	A07
cid000054797	C09
cid000023954	D08
cid000005325	D06
cid000005325	J01
cid016132283	H04
cid000005326	J01
cid000005323	J01
cid000004120	A03
cid000004120	S01
cid000060754	V08
cid000100788	L01
cid011020241	A11
cid011020241	G01
cid011020241	S01
cid000087869	A12
cid000072327	J05
cid000010391	N03
cid000005557	C05
cid000060726	S01
cid000004064	N05
cid000027812	G03
cid000004594	A02
cid000064147	J05
cid000026924	A02
cid000003348	R06
cid000002320	A11
cid000020298	A03
cid000004623	D01
cid000004623	G01
cid000071195	R05
cid000005076	J05
cid000002132	R05
cid016129632	J01
cid000014791	A02
cid000014791	G04
cid071306834	L03
cid000003227	R02
cid000014794	V01
cid000064377	D06
cid000064377	J05
cid000006237	C01
cid000219084	V08
cid000102258	M04
cid000656628	G04
cid000003149	A01
cid000197712	C02
cid000041684	P01
cid000020585	R03
cid000000888	A12
cid000065130	D08
cid000065130	R01
cid000065130	R02
cid000065130	S01
cid000065130	S03
cid006433119	B01
cid000011442	P03
cid000036054	C02
cid000004485	C08
cid000048175	D07
cid000024462	V03
cid000003373	V03
cid005493325	V03
cid000014130	N02
cid000006081	C01
cid000005403	R03
cid000020969	D07
cid000003749	C09
cid000108127	D05
cid000121749	L04
cid000068933	J01
cid000003103	R06
cid000025517	B05
cid000025517	G04
cid000002639	J01
cid000003720	C04
cid000003125	C02
cid000060830	R03
cid000024436	A06
cid000024436	A12
cid000068548	C03
cid000003279	J04
cid000000174	A06
cid000004905	A03
cid000193962	J05
cid000002130	N04
cid000003623	S01
cid000004095	N07
cid000005155	J05
cid000003494	A03
cid000004601	M03
cid000004601	N04
cid000003735	V08
cid000002081	N06
cid000000754	A12
cid000005426	L04
cid000219078	N03
cid000010075	R05
cid000025229	V08
cid000187764	J01
cid000001234	C08
cid000039745	D07
cid000004284	P03
cid000008249	A10
cid000064923	C09
cid005354434	N02
cid000005487	M03
cid000003351	N06
cid000031796	R05
cid000068865	N02
cid000064953	P01
cid000003902	L02
cid000002082	P02
cid000001981	M01
cid000004736	N02
cid006850753	A06
cid000051634	A16
cid000006301	D08
cid000006301	G01
cid000006301	P01
cid000006301	R02
cid000005330	J01
cid000004906	N01
cid000010715	N05
cid000038409	C03
cid006850789	B03
cid000005858	A14
cid000002448	N05
cid000003775	A03
cid000028689	A06
cid000000076	A14
cid000035375	M02
cid000068930	N01
cid000001134	J05
cid000005497	R07
cid003085017	V03
cid000001991	A09
cid000151075	S01
cid000002681	D11
cid000005523	N02
cid000029154	B03
cid000002443	G02
cid000002443	N04
cid000004948	J01
cid000033477	J01
cid016132265	H01
cid000000745	V03
cid000002812	A01
cid000002812	D01
cid000002812	G01
cid000054840	N06
cid000002762	J01
cid000010630	N03
cid000004443	A10
cid000003283	N01
cid000002893	C04
cid000003183	J05
cid000005511	M03
cid000000754	B05
cid000003686	N06
cid000002312	C04
cid000005531	C01
cid000009053	C05
cid000009053	D07
cid000009053	H02
cid000004436	R01
cid000004436	S01
cid000025294	D04
cid000025294	R06
cid000005457	D04
cid000005457	R01
cid000005457	R06
cid000008229	H01
cid000148121	L01
cid000009648	N02
cid000003478	A10
cid000004883	C07
cid000065709	A03
cid000014986	A11
cid054686350	N02
cid000005210	A08
cid000102399	B05
cid000038904	L01
cid000050587	L03
cid000002898	G03
cid000003060	D07
cid000005656	N06
cid000183797	B01
cid000060843	L01
cid000610479	M01
cid056603701	L04
cid000001990	G04
cid000041827	D10
cid000019261	A12
cid000032800	V04
cid000006575	N01
cid000042955	A02
cid000042955	G02
cid000065856	N06
cid000005842	N05
cid000006304	C03
cid000002955	D10
cid000002955	J04
cid000004737	N05
cid000038668	N05
cid000003074	C01
cid000037510	J05
cid000004673	M05
cid000030951	M01
cid000004534	L01
cid000002092	G04
cid000004057	A03
cid000000137	L01
cid000005470	G03
cid000019527	N06
cid000003916	N05
cid000040973	G03
cid003033621	N05
cid000002337	C05
cid000002337	D04
cid000002337	N01
cid000002337	R02
cid011979535	D06
cid000077992	N02
cid000003561	D01
cid000003355	C01
cid000042883	C01
cid000065697	N02
cid000005362	M02
cid000024266	A01
cid000024266	A12
cid000002145	L02
cid000039764	M03
cid000003000	D07
cid000006475	D04
cid000006475	R06
cid000004829	A10
cid024847846	C09
cid000060184	C09
cid000002131	N07
cid000026098	M01
cid000123623	J02
cid000065863	D01
cid000002585	C07
cid000051263	N01
cid000071392	J01
cid000005343	J01
cid000006138	R07
cid000005212	G04
cid000003911	L02
cid000060613	J05
cid000005484	R05
cid000477468	J02
cid054686187	J01
cid000005731	N02
cid005464100	C05
cid000005235	A01
cid000005235	A12
cid000071819	P01
cid000002648	J01
cid000065281	D06
cid000065281	J01
cid000065281	R02
cid000006465	R05
cid000000604	A12
cid000002514	D11
cid000165124	A03
cid000002759	C04
cid000023987	V03
cid000003430	P01
cid000176870	L01
cid000036920	C07
cid000006307	C03
cid000002313	M02
cid000002313	S01
cid000004488	M01
cid000004488	M02
cid000005503	A10
cid000005359	M01
cid000025495	C10
cid000008053	V03
cid000005441	D08
cid000008707	D01
cid000012536	D07
cid000012536	S01
cid024848143	A12
cid024848143	B05
cid000002378	D01
cid000093154	N06
cid000003779	C01
cid000003779	R03
cid000060919	C09
cid000006212	N01
cid000002459	M01
cid000071273	N01
cid000002720	C03
cid000065787	R01
cid000031319	N05
cid000003652	P01
cid000003009	D11
cid000003009	P01
cid000002318	A10
cid000025557	A12
cid000009912	C04
cid000003488	A10
cid000069438	S01
cid000040839	L01
cid000034153	R01
cid000410087	D08
cid000410087	D09
cid000410087	D11
cid000410087	G01
cid000410087	R02
cid000410087	S01
cid000001292	B05
cid000001292	J01
cid000005297	A07
cid000005297	J01
cid000003825	M01
cid000005333	D06
cid000005333	J01
cid000024485	D08
cid000005352	M01
cid000050614	J01
cid000003755	J01
cid000003278	C03
cid000008414	P01
cid000003410	R03
cid000072075	D04
cid000072075	R06
cid000003827	R06
cid000003827	S01
cid000040841	N02
cid000159383	S01
cid000003408	L02
cid000005453	L01
cid000002708	L01
cid000002326	R05
cid000021054	G01
cid000015139	N05
cid000010609	R05
cid000008593	M04
cid005461123	A03
cid000071954	R05
cid000003385	L01
cid000003100	D04
cid000003100	R06
cid000005596	G04
cid000002477	N05
cid000003742	V08
cid000003737	V08
cid000003357	J01
cid000432585	A03
cid000107770	P01
cid000036109	N06
cid000004117	R03
cid000005077	N06
cid000002761	N07
cid016129690	N02
cid000034312	N03
cid000005433	J01
cid000004473	C08
cid000003231	A02
cid000055190	N06
cid005362420	S01
cid000041386	C03
cid000004819	N07
cid000004819	S01
cid000068778	N04
cid000065248	D11
cid006918474	N03
cid000004463	J05
cid000003672	C01
cid000003672	G02
cid000003672	M01
cid000003672	M02
cid000011339	A06
cid000065947	J01
cid005310993	C10
cid000005567	N05
cid000068706	M01
cid000077998	A10
cid000060900	D07
cid000002329	V04
cid000043008	A03
cid000119607	M01
cid000071741	L01
cid000657298	H03
cid000003547	C04
cid000003590	C01
cid000002832	L01
cid000005593	S01
cid000024750	C05
cid000004196	G03
cid000000753	A06
cid000168625	V03
cid000060751	L01
cid000208903	R05
cid016129704	B01
cid000003825	M02
cid000147912	J02
cid000024083	A06
cid000024083	A12
cid000024083	B05
cid000024083	D11
cid000024083	V04
cid000003689	C04
cid000023931	D08
cid000005468	M01
cid000033887	R07
cid000008365	D01
cid000050190	M03
cid000013789	C03
cid004474778	B03
cid000003156	R07
cid000006126	A03
cid005493381	V03
cid000002642	J01
cid000002021	J01
cid000006009	N02
cid011020241	B03
cid000001839	B05
cid000001839	D08
cid000001839	D09
cid000001839	P01
cid000001839	S01
cid000001839	S02
cid000122225	L04
cid000003739	V08
cid000000015	A14
cid000000015	G03
cid000004893	C02
cid000005052	C02
cid000003037	P02
cid000073357	R02
cid000424379	B03
cid000005732	N05
cid023690938	M01
cid023690938	M02
cid023690938	S01
cid003062316	L01
cid000002405	C07
cid000002196	N06
cid000002881	A07
cid000002881	D11
cid000002881	R01
cid000002881	R03
cid000002881	S01
cid000219095	N05
cid000003116	N07
cid011979535	J01
cid000072139	D10
cid000008813	P01
cid000031315	A06
cid000003417	J01
cid000024012	D10
cid000003474	N02
cid000039034	D07
cid024839946	D06
cid024839946	J05
cid000001690	L01
cid000003639	C03
cid000213039	J05
cid000003964	N05
cid000004456	N07
cid000004456	S01
cid000003559	N05
cid000002153	R03
cid000071406	A11
cid000064937	J01
cid000000896	N05
cid000002813	J01
cid000094320	A02
cid000004039	N06
cid000015004	N01
cid000003637	C02
cid000027461	B03
cid000004098	R06
cid000005772	H01
cid000051627	D07
cid000002451	N05
cid000004030	P02
cid000208902	N05
cid000000996	C05
cid000000996	D08
cid000000996	N01
cid000000996	R02
cid000003162	R06
cid000003715	C01
cid000003715	M01
cid000003715	M02
cid000003715	S01
cid000004090	G02
cid000107677	S01
cid000001206	N06
cid000004249	N05
cid000003021	J01
cid003087722	C05
cid000000581	R05
cid000000581	S01
cid000000581	V03
cid025880664	A01
cid025880664	D06
cid025880664	J01
cid025880664	S01
cid025880664	S02
cid025880664	S03
cid000005091	J01
cid000066261	C01
cid000004607	J01
cid000160134	C10
cid000004628	J01
cid000072098	A03
cid000005652	D01
cid000025493	R02
cid000082146	L01
cid000151166	M01
cid000003416	L02
cid000000573	A11
cid000000573	D02
cid000039562	L01
cid000000338	D01
cid000000338	S01
cid000005574	R06
cid000003776	D08
cid000004634	G04
cid000002624	J01
cid000000546	J05
cid000000144	N06
cid000004635	N02
cid000071489	A03
cid000009565	A10
cid000023479	G04
cid006443098	P03
cid000134018	M04
cid000004875	R05
cid000004875	S01
cid000004875	V03
cid000002449	R03
cid000004058	N02
cid000004174	V04
cid000068733	C08
cid000023954	S01
cid000005406	G02
cid000005404	G01
cid000008281	S01
cid016683083	R05
cid000107732	V08
cid000121891	A10
cid056603655	S01
cid000008280	N03
cid000010517	N07
cid000034632	C01
cid000005401	G04
cid000004920	G03
cid000002818	N05
cid000000936	A11
cid000004917	N05
cid000004031	A03
cid000005358	N02
cid000266651	G01
cid000017011	N05
cid000017182	N05
cid000003748	N06
cid000001805	L01
cid000094279	N06
cid000004989	P02
cid000005206	N01
cid000004812	B02
cid016132438	A10
cid000005536	A03
cid000005853	P02
cid000027500	C01
cid000005267	C03
cid005353473	B02
cid009917021	A04
cid000005479	J01
cid000005479	P01
cid000002519	N06
cid003034019	G01
cid000005005	C09
cid000005482	D01
cid000005482	G01
cid000024759	D03
cid000024759	M09
cid000024759	R01
cid000024759	S01
cid000001593	A11
cid000005318	D01
cid002723601	L01
cid000003778	N02
cid000002163	N05
cid000040391	N05
cid000002913	R06
cid000004097	A03
cid000005351	J04
cid000071264	C01
cid000025588	A12
cid000082148	N06
cid003033538	S01
cid000065999	C09
cid044398818	J01
cid000006256	S01
cid000005588	R06
cid000091736	C09
cid000072938	J01
cid000060149	N05
cid000152945	G04
cid000123611	B01
cid000004872	C03
cid000003003	A01
cid000003003	C05
cid000003003	D07
cid000003003	D10
cid000003003	H02
cid000003003	R01
cid000003003	S01
cid000003003	S02
cid000003003	S03
cid000004091	A10
cid000010783	N05
cid000005238	V09
cid000002583	C07
cid000002583	S01
cid000065050	D06
cid000015232	J01
cid000003462	G02
cid000431963	L03
cid000071352	G04
cid000667510	M04
cid000000610	A07
cid000007458	V08
cid000002468	A10
cid000005771	H01
cid000092921	D07
cid000004163	N02
cid005487301	A03
cid000010504	C01
cid000002650	J01
cid000066247	A03
cid000003261	N05
cid000035935	M01
cid000040159	P03
cid000043507	J01
cid000024085	D08
cid010113978	L01
cid000054547	J01
cid000016886	L01
cid000068870	N06
cid000002749	D01
cid000002749	G01
cid000004205	N06
cid000002625	J01
cid000023257	A01
cid000004544	R05
cid000119828	M01
cid000051754	D01
cid000051754	G01
cid000004621	C05
cid000002756	A02
cid000290482	J01
cid000005504	C04
cid000005504	M02
cid054685524	B01
cid000011017	A03
cid000015020	G03
cid000003386	N06
cid000002182	L01
cid000003599	L01
cid000000948	N01
cid000005243	A06
cid000007608	R01
cid000004513	A02
cid000003403	C10
cid000060198	L02
cid000111332	S01
cid000005328	B05
cid000005328	D06
cid000005328	J01
cid000005328	S01
cid000449193	R03
cid000004890	N05
cid000004011	N06
cid000010230	C02
cid000020140	N05
cid000004253	N02
cid000002123	L01
cid000058258	J01
cid000065598	C01
cid000013738	R05
cid000003040	J01
cid000002294	N05
cid000123610	B01
cid000005317	J01
cid000005070	N07
cid000000804	D06
cid000000804	G01
cid000000804	S01
cid000005203	N06
cid003032553	D08
cid000005625	J05
cid003052762	A03
cid000002905	S01
cid000003913	P02
cid054676539	D10
cid000003937	C09
cid000005040	L04
cid024840907	N02
cid000003731	V08
cid000002866	G04
cid000004568	A07
cid000004568	D01
cid000004568	G01
cid000002218	C01
cid000041693	N01
cid000002160	N06
cid000002165	P01
cid000123015	B02
cid000004477	P02
cid000011029	A02
cid000011029	A06
cid000003343	G02
cid000003343	R03
cid005359810	V01
cid000003226	N01
cid000003459	A02
cid000003155	N06
cid000039758	C01
cid000010100	N02
cid003086686	L01
cid000016564	C02
cid000002377	N06
cid000114948	N04
cid000005576	N03
cid000005776	C01
cid004630253	D07
cid004630253	S01
cid000005105	A02
cid000000942	N07
cid000001156	C01
cid000002142	D06
cid000002142	J01
cid000002142	S01
cid000004208	L01
cid000000280	V03
cid000071306	H01
cid000071158	N07
cid000005977	A04
cid000002719	N06
cid000009047	J01
cid000217684	G01
cid000005476	A03
cid000003061	C01
cid000004044	M01
cid000004767	P03
cid000004946	C07
cid000060714	V08
cid000002406	D10
cid000002406	P02
cid000055480	N06
cid016133606	S01
cid000002375	L02
cid000005735	N05
cid000000853	H03
cid000010599	G03
cid000031593	P01
cid000002561	A02
cid000004834	J01
cid000002541	C09
cid000016639	M01
cid000016639	M02
cid054680675	J01
cid000005890	C01
cid000073303	J01
cid000003826	M01
cid000003826	S01
cid000002654	J01
cid000021630	D02
cid000005213	A05
cid000417452	C01
cid000041987	N06
cid000003405	B03
cid000000444	N06
cid000009054	A14
cid000000158	G02
cid000007019	D08
cid000011870	P01
cid016129617	H01
cid000004008	C08
cid000432824	N06
cid000071736	J01
cid000002976	C09
cid000123619	M01
cid000004811	S01
cid000004811	V03
cid000011740	H02
cid011163584	A10
cid000005029	A02
cid000005544	A01
cid000005544	D07
cid000005544	H02
cid000005544	R01
cid000005544	R03
cid000005544	S01
cid000002764	J01
cid000002764	S01
cid000002764	S02
cid000002764	S03
cid003055172	D11
cid000005315	A07
cid003047787	R05
cid000032797	D07
cid000058520	A03
cid000002335	D08
cid000003337	A08
cid016130199	J05
cid006433091	N02
cid000004885	N04
cid000002141	V03
cid000053015	D01
cid000002292	C04
cid000002949	G03
cid000004102	J01
cid000005372	D11
cid000005372	L04
cid000019094	N05
cid000068770	C07
cid000005857	G03
cid000005563	N05
cid000060787	J05
cid000009801	C01
cid000004615	R06
cid000002269	J01
cid000002269	S01
cid000034869	N06
cid000004935	S01
cid000003344	R03
cid022834577	C01
cid000004760	B01
cid000003736	V08
cid000003219	S01
cid000003292	N03
cid000216209	C09
cid000000271	A07
cid000135021	M03
cid000071919	N05
cid054687131	J01
cid000002453	A07
cid000002453	G01
cid000002453	P01
cid000013764	A07
cid000006726	R06
cid000005508	M01
cid000005508	M02
cid000062858	S01
cid000001301	G02
cid000001301	M01
cid000001301	M02
cid000005538	D10
cid000005538	L01
cid000002789	N05
cid000006806	V08
cid005311489	B06
cid005311489	D03
cid000005505	A10
cid000005505	V04
cid000072065	A05
cid000009564	A10
cid000024140	L01
cid000000947	V03
cid000216326	L04
cid000002266	D10
cid000002993	D08
cid000002993	G01
cid000002993	R02
cid000060871	J05
cid000043592	J01
cid000213023	B01
cid000002083	R03
cid000148191	L01
cid000000312	A09
cid000000312	B05
cid000002794	J04
cid000006494	N05
cid000019646	P01
cid000150310	C03
cid000002707	N05
cid000060561	A07
cid000001051	A11
cid000004766	V04
cid000014792	A02
cid000014792	A06
cid000014792	A12
cid000055645	G02
cid006850754	A02
cid000002613	J01
cid000003305	M05
cid000006834	R06
cid000054909	C03
cid000001210	M03
cid006335486	A02
cid000002435	S01
cid000002022	D06
cid000002022	J05
cid000002022	S01
cid000035455	M01
cid000035455	M02
cid000004636	R01
cid000004636	S01
cid000001985	A07
cid000001985	G01
cid000001985	P01
cid000004786	R01
cid003033989	J01
cid000005386	L01
cid000005357	N05
cid000441382	A01
cid000441382	A07
cid000441382	D01
cid000441382	G01
cid000441382	S01
cid000003236	M03
cid000005198	L01
cid000071362	C01
cid000040976	G03
cid000003335	M01
cid000004201	C02
cid000004201	D11
cid000003822	C02
cid000002349	J01
cid000002349	S01
cid000007699	R05
cid006918438	J01
cid000002091	A11
cid000037425	N02
cid000005217	C10
cid000025381	N06
cid000005472	B01
cid000002173	J01
cid000002173	S01
cid000068783	G03
cid000000247	A09
cid000005775	C04
cid000005775	G04
cid000006488	N05
cid000006917	A07
cid000011974	D08
cid000011974	S01
cid000003042	A03
cid000039941	M01
cid000060516	N07
cid000054688	J01
cid016129705	V04
cid000027454	C01
cid000047607	C02
cid000004121	C03
cid000009034	N01
cid000009034	N05
cid001349907	H03
cid000004843	N06
cid000001995	N07
cid000009429	N05
cid000003687	D06
cid000003687	J05
cid000003687	S01
cid016129700	H05
cid000013144	A12
cid000002247	R06
cid000006337	N01
cid000130096	B01
cid000025215	M03
cid000057469	D06
cid005361912	J04
cid000009991	L01
cid006326970	D11
cid000002635	J01
cid000003401	D01
cid000003401	G01
cid000003926	C08
cid000014954	M03
cid000003647	C03
cid000023009	P01
cid000003678	A03
cid000019861	R06
cid000010083	N06
cid000032756	B01
cid000022262	A03
cid000115056	A05
cid000004259	J01
cid000004259	S01
cid000004599	A08
cid000003728	G01
cid000004454	D09
cid000004454	R01
cid000013342	L01
cid000002019	L01
cid000002723	D08
cid000002162	C08
cid000016229	R03
cid000002140	V08
cid002723816	S01
cid000667491	D10
cid000667491	P03
cid016134956	A10
cid000003878	N03
cid000003414	J05
cid000003741	V08
cid000011226	N01
cid005353980	A07
cid000003019	C02
cid000003019	V03
cid000114709	N03
cid000004499	C08
cid000030131	N02
cid000004238	C01
cid000000401	J04
cid000022258	R05
cid000004927	D04
cid000004927	R06
cid000003648	N02
cid006398970	J01
cid000535161	H02
cid000012555	A01
cid000012555	G02
cid000012555	M01
cid000012555	M02
cid000015121	G03
cid000022296	A03
cid005251503	B05
cid000065944	L03
cid000004904	M03
cid000008966	C04
cid000068844	S01
cid000000853	C10
cid000002177	J05
cid000002462	A07
cid000002462	D07
cid000002462	R01
cid000002462	R03
cid000005106	J01
cid000004810	C02
cid000009331	N02
cid000000227	D02
cid000003394	M01
cid000003394	M02
cid000003394	R02
cid000003394	S01
cid000003454	J05
cid000003454	S01
cid000002156	C01
cid000520915	R05
cid000047725	L02
cid000007902	N06
cid000004054	N06
cid000005585	D05
cid000002828	R05
cid000071740	C01
cid000013795	J01
cid005361323	N03
cid000004848	A02
cid003036905	A12
cid000003369	N05
cid000016058	L01
cid000008505	D08
cid000053708	C01
cid000007029	A08
cid000002168	D01
cid000009458	B01
cid000444006	J01
cid000001125	A16
cid000027993	G03
cid000003154	S01
cid000002628	J01
cid000115066	J01
cid000013344	A12
cid000003345	N01
cid000003345	N02
cid000003419	C09
cid000010631	G03
cid000010631	L02
cid000005677	A10
cid000004942	G04
cid000004053	L01
cid000004567	C04
cid000004567	G02
cid000050294	R01
cid000050294	R03
cid000050294	S01
cid000060953	L01
cid000005936	S01
cid000013505	A07
cid000043251	G02
cid003033226	N06
cid000003310	L01
cid000005345	V04
cid000006258	D01
cid000000453	A06
cid000000453	B05
cid000000453	V04
cid000004994	N05
cid006850754	B02
cid000021850	R03
cid000003245	R05
cid000002786	D10
cid000002786	G01
cid000002786	J01
cid000003746	R01
cid000003746	R03
cid000004912	C10
cid000068295	D08
cid000031512	C01
cid000006018	N07
cid000006066	A03
cid000004832	A03
cid000071939	N02
cid000002484	D01
cid000009873	V08
cid000003255	D10
cid000003255	J01
cid000003255	S01
cid000006473	N05
cid000003677	C01
cid000002515	C02
cid000003032	D11
cid000003032	M01
cid000003032	M02
cid000003032	S01
cid000002666	J01
cid000023897	N05
cid000115237	N05
cid000044564	S01
cid000005161	N02
cid000644241	L01
cid000003291	N03
cid006328604	P02
cid000005090	M01
cid000005665	N03
cid000065518	C02
cid000019667	P02
cid000004160	G03
cid000003354	G04
cid000003759	N06
cid000102668	N04
cid000005253	C07
cid000003342	M01
cid000072092	A03
cid000119182	L01
cid000003100	N04
cid000033649	A10
cid006453528	B01
cid000071881	N02
cid000065985	V08
cid000071834	C02
cid000002609	J01
cid000054120	R05
cid000006077	N05
cid006442177	L01
cid006442177	L04
cid000004758	J01
cid000122872	J05
cid000002351	C08
cid000127909	S01
cid000002578	L01
cid000003929	J01
cid000005184	A04
cid000005184	N05
cid000005184	S01
cid000071672	R07
cid000517072	A01
cid000002216	S01
cid000033630	N05
cid000004543	N06
cid000019910	J01
cid000004754	N02
cid000006181	H03
cid000003443	D06
cid000003443	D09
cid000003443	J01
cid000003443	S01
cid000003290	N04
cid000005335	J01
cid000007187	D10
cid000055361	L04
cid000000460	R05
cid000021320	H02
cid016211090	B05
cid000003495	A05
cid000021787	A03
cid000000774	V04
cid000027900	D04
cid000027900	R06
cid003033975	A03
cid000004926	N05
cid000003331	N03
cid000001148	N06
cid000003281	N05
cid000023931	S01
cid000008361	G04
cid000004047	C03
cid005488383	L01
cid000020317	A05
cid000017507	C05
cid000008949	A06
cid000008949	A12
cid000008949	B05
cid000003312	D05
cid000014591	N06
cid024847953	A02
cid000007510	C04
cid000007510	C10
cid000068555	C01
cid000068555	S01
cid000004691	N06
cid000005636	S01
cid000002719	P01
cid000060752	C01
cid000005215	J01
cid000071329	C01
cid000031726	J01
cid000000338	N02
cid000002474	N01
cid000071663	S01
cid000003693	C09
cid000054373	H01
cid000003938	G02
cid000003938	N02
cid000003914	S01
cid000008395	C01
cid000010833	H03
cid000011290	R06
cid000005324	A07
cid000051577	A10
cid000001065	P01
cid000035734	V08
cid000000612	G01
cid000055483	C01
cid000031378	H02
cid000517045	B05
cid000001101	V06
cid000047319	M03
cid000065718	P01
cid000000836	N04
cid000005726	J05
cid003084033	P01
cid000003734	V08
cid000168009	C01
cid000060867	C01
cid000006464	N05
cid000003702	C03
cid000000160	G02
cid000003366	D01
cid000003366	J02
cid000071857	C01
cid000068122	R06
cid000004538	C01
cid000002676	C10
cid000002466	M01
cid000002466	M02
cid000005736	N05
cid000005329	J01
cid000008829	B03
cid000005195	N04
cid000038945	C01
cid000003519	C02
cid000005496	J01
cid000005496	S01
cid000003747	M05
cid000024934	A12
cid000222786	H02
cid000222786	S01
cid001549157	R02
cid000006058	A16
cid000004921	M01
cid000065628	L01
cid006333887	M01
cid000004547	A10
cid000004730	J01
cid000010240	N05
cid000005241	V08
cid000017214	A14
cid000071616	J02
cid000001662	C10
cid000133016	R06
cid000128918	N07
cid000005538	D11
cid000002769	A03
cid000008612	N01
cid000064950	A05
cid000005038	C09
cid000004746	C08
cid000068050	D01
cid000068050	G01
cid004659569	N04
cid000001972	A01
cid000001972	A07
cid000001972	G01
cid000001972	J02
cid000002637	J01
cid000022318	M01
cid000000303	A05
cid000017513	C01
cid000016351	N05
cid016129681	H01
cid000002118	N05
cid000035740	V08
cid000024439	B05
cid000005214	D06
cid000154058	G04
cid000287180	J01
cid000002284	M03
cid000068613	G02
cid006445540	L01
cid000000865	V09
cid000000825	D11
cid000000825	M01
cid000003003	A07
cid000003003	R03
cid000004744	N05
cid000018142	G03
cid000032778	A10
cid000003168	N01
cid000003168	N05
cid000073658	J01
cid000037264	C02
cid000001971	J05
cid000009433	R03
cid000060706	J01
cid000003685	L01
cid000002315	C03
cid000024203	A06
cid000024203	B05
cid016129672	A10
cid000071388	R05
cid000005311	L01
cid000072067	M03
cid000016065	G03
cid000002460	C01
cid000001130	A11
cid000091610	A10
cid000004509	J01
cid016156130	A10
cid000005584	N06
cid000110634	G04
cid000003288	G03
cid000004497	C08
cid000037632	N05
cid051601240	D06
cid051601240	J01
cid000060864	R01
cid000060864	S01
cid000041781	C03
cid004659568	N04
cid000010340	B05
cid000003962	C10
cid003325225	H05
cid000016363	N05
cid000077996	H05
cid000003763	N01
cid000065437	V08
cid000004938	N06
cid000006503	B05
cid000047979	N05
cid016132446	A10
cid000006224	B05
cid009852188	N02
cid000004919	N04
cid000025419	M05
cid000154256	G03
cid000053359	A10
cid000068952	A14
cid000002795	R05
cid000071379	C02
cid000002170	N06
cid000008230	H01
cid000005634	D01
cid000002717	M03
cid003047788	R05
cid000036339	N01
cid016132353	V04
cid000060789	C01
cid000000866	B05
cid000004842	L01
cid009815559	B01
cid004052643	B06
cid004052643	S01
cid000003062	C01
cid000003823	D01
cid000003823	G01
cid000003823	J02
cid000008753	D09
cid000004197	C01
cid000004033	L01
cid000002447	N05
cid000004991	N07
cid000000698	G03
cid000005466	N03
cid000002982	P03
cid000065777	C10
cid000007697	D01
cid000003661	V03
cid000070374	J04
cid000004806	A07
cid000000727	P03
cid000000564	B02
cid000216239	L01
cid000083435	C04
cid000014676	R06
cid000005360	P01
cid000000876	V03
cid000062865	N05
cid000104849	A08
cid000006518	C01
cid000022173	V03
cid071312240	D03
cid000009469	M03
cid000011114	N01
cid045114148	A02
cid000123891	J01
cid000004619	R05
cid000060878	C09
cid000023429	J04
cid000023429	S01
cid000023429	S02
cid000011367	P01
cid000002537	C01
cid000004949	V08
cid000005727	B05
cid000006518	A06
cid000002907	L01
cid000065687	R07
cid000001046	J04
cid000072138	C02
cid000068703	C04
cid000037042	C01
cid000005721	J05
cid000002804	C03
cid000003080	V03
cid000014687	G03
cid000517044	B05
cid000003008	R05
cid000005746	L01
cid000003380	N05
cid000006839	N03
cid000004756	G04
cid000160051	C10
cid000004425	V03
cid000006257	N05
cid000000604	D11
cid000003191	R06
cid000005510	D01
cid000003377	N07
cid000004922	A02
cid000004845	R03
cid000065664	P01
cid000005556	N05
cid000065957	J01
cid000032281	V04
cid000000937	C04
cid000000937	C10
cid000005257	J01
cid016136245	L02
cid000004916	R03
cid000001546	L01
cid000486300	A01
cid000486300	D01
cid000486300	G01
cid000486300	G04
cid004474062	C01
cid000068760	J01
cid000004451	J05
cid000003804	J01
cid000002442	R05
cid000004101	J01
cid000006857	D04
cid009846180	B02
cid000002475	C07
cid000039524	N03
cid000036283	R03
cid000004099	N03
cid053297363	D01
cid053297363	G01
cid053297363	J02
cid010440987	H01
cid000005473	A03
cid000002270	J01
cid040563218	L03
cid000005029	M01
cid000005029	M02
cid000031264	N05
cid000004440	N02
cid006913668	B02
cid006913668	G04
cid000123597	S01
cid000026370	A02
cid000036811	C01
cid000005394	L01
cid040468184	B01
cid000006166	H02
cid000050153	P03
cid000047320	M03
cid000004734	V04
cid000002206	N02
cid000002206	S02
cid000035803	P02
cid000004887	R03
cid000002801	N06
cid000002780	A03
cid000031346	V08
cid006918584	V03
cid000072466	L01
cid000001923	A01
cid000001923	D08
cid000001923	G01
cid000001923	R02
cid000100472	M01
cid000003089	N02
cid000002296	C08
cid016132344	V04
cid000004770	M03
cid000005650	C09
cid000131535	J05
cid003364573	A05
cid003005837	D11
cid000031799	A03
cid000060612	N05
cid000005483	R05
cid000004260	C04
cid000004260	G04
cid000002713	A01
cid000002713	B05
cid000002713	D08
cid000002713	D09
cid000002713	R02
cid000002713	S01
cid000002713	S02
cid000002713	S03
cid000091561	D08
cid000003381	C05
cid000003381	D07
cid000003381	S01
cid000003381	S02
cid000004062	N01
cid000027661	C01
cid000000861	H03
cid000004036	M01
cid000004036	M02
cid000002965	C02
cid000023342	C01
cid000005838	N05
cid000070569	C04
cid000028426	A05
cid000071348	H01
cid000004004	P03
cid000119830	J05
cid000003334	P02
cid000003016	N05
cid000002335	R02
cid000004678	A11
cid000004678	D03
cid000004678	S01
cid000005071	J05
cid000004923	P01
cid000121396	A16
cid000148192	J05
cid000005839	H02
cid054690031	M01
cid000003308	M01
cid000004900	A07
cid000004900	H02
cid000005591	A10
cid000005587	D04
cid000005587	R06
cid070695640	C10
cid000003676	C01
cid000003676	C05
cid000003676	D04
cid000003676	N01
cid000003676	R02
cid000003676	S01
cid000003676	S02
cid000065750	N05
cid000041774	A10
cid000004066	R06
cid000024365	P03
cid000036709	G03
cid000021721	R05
cid000004932	C01
cid006918462	D06
cid000002647	J01
cid000005393	C09
cid000125017	N06
cid000002735	A11
cid000007638	D11
cid000004542	G03
cid000077993	N02
cid056842117	L01
cid000162263	P03
cid000002958	L01
cid000066383	C04
cid000005467	N05
cid000035726	D04
cid000005512	G04
cid000003049	G03
cid000066249	H02
cid000003608	N01
cid000003608	N05
cid000000206	G04
cid000002148	V04
cid000005419	R01
cid000005419	S01
cid000021846	N04
cid000005336	J01
cid000004642	A03
cid000003384	C05
cid000003384	D07
cid000003384	D10
cid000003384	S01
cid000004055	B02
cid000031728	G02
cid000002792	D07
cid000002792	S01
cid000062959	J01
cid000135113	A16
cid000002806	B01
cid000002912	P03
cid000003461	L01
cid000004761	R06
cid000003181	G03
cid000004977	R03
cid000037392	P01
cid000003299	N05
cid000054786	B01
cid000017675	J01
cid009854489	R01
cid000072144	J01
cid000000214	C01
cid000000214	G04
cid000210320	R01
cid000210320	S01
cid000001031	D08
cid028412038	J01
cid016132418	A10
cid000029051	L01
cid000065526	B02
cid000005429	C03
cid000005429	R03
cid000000815	A07
cid000000815	J01
cid000000815	S01
cid000004411	C07
cid000003446	N03
cid000120183	N02
cid000031772	P01
cid000003425	L01
cid000004159	D07
cid000004159	D10
cid000004159	H02
cid000002179	L01
cid000002683	B05
cid000002683	D08
cid000002683	D09
cid000002683	R02
cid000000119	N03
cid000002088	M05
cid000003336	C08
cid000002800	G03
cid000003915	R01
cid000003915	S01
cid000072106	M01
cid000006151	N05
cid000003158	N06
cid000039940	G02
cid000039940	M01
cid000003365	D01
cid000003365	J02
cid000004495	M01
cid000012894	J01
cid000017455	D07
cid023668479	J05
cid000010294	C03
cid000004140	G02
cid000151171	C03
cid000001684	J05
cid000002564	R06
cid000032169	N01
cid000026248	M01
cid000068953	M04
cid000001071	A11
cid000001071	D10
cid000001071	R01
cid000001071	S01
cid000003152	N06
cid000021782	G01
cid000005515	L01
cid004479094	H05
cid000006374	D09
cid000071698	C07
cid000004992	D04
cid000004992	R06
cid000005478	C07
cid000005478	S01
cid000007741	V04
cid000002333	M04
cid000004934	A03
cid000055756	R06
cid000000085	A16
cid025880656	A01
cid025880656	J01
cid004479097	B03
cid004479097	V03
cid000003718	M01
cid000041477	A07
cid000041477	R01
cid000004614	M01
cid000003052	P02
cid000021102	N02
cid000004020	A08
cid003000579	J01
cid000005525	C09
cid000004428	N07
cid000003070	A11
cid000026937	R05
cid000003371	M01
cid000005734	N03
cid000071771	M01
cid000071771	M02
cid000005568	N05
cid000062816	C10
cid000033675	M01
cid000005051	C02
cid000059708	N03
cid000002675	J01
cid000051081	J01
cid000041744	L01
cid000003435	G01
cid000003642	D07
cid000216237	C03
cid000014457	V08
cid000006729	R06
cid000003706	J05
cid000219024	C01
cid000003110	N02
cid000068921	D07
cid000027648	V08
cid000462481	J01
cid000001176	B05
cid000001176	D02
cid000025803	M03
cid000123606	N02
cid003081362	J01
cid000005095	N04
cid016132441	B01
cid000003396	N05
cid000003251	N02
cid000000298	D06
cid000000298	D10
cid000000298	G01
cid000000298	J01
cid000000298	S01
cid000000298	S02
cid000000298	S03
cid000003229	J01
cid000004493	L02
cid000002684	N07
cid000024441	A12
cid000003879	C01
cid000002370	N07
cid000011248	B03
cid000003105	S01
cid000032281	H01
cid000006762	N05
cid000003877	J05
cid000030160	N04
cid000012620	D06
cid000197784	A03
cid000003114	C01
cid000003636	A03
cid000000679	G04
cid000000679	M02
cid000003449	N06
cid000004487	M02
cid000004487	N02
cid000003658	N05
cid000150610	J01
cid000003450	M03
cid056841936	A07
cid000004850	N04
cid000028328	R03
cid026275995	A01
cid026275995	J01
cid000004595	A04
cid000521308	R05
cid000002663	C07
cid000102551	C01
cid000005454	N05
cid000003379	R01
cid000003379	R03
cid006328160	D09
cid006328160	M05
cid000002575	J01
cid000054889	C09
cid000000785	D11
cid000061745	A02
cid000061745	A06
cid000065782	N06
cid000003382	C05
cid000003382	D07
cid000096312	L01
cid000000750	B05
cid000003956	J01
cid000005717	R03
cid000027337	B06
cid000130881	C09
cid000004211	L01
cid000021722	N06
cid024839895	L03
cid000003954	A07
cid000071113	N03
cid000444033	R03
cid000002307	A07
cid000002307	D07
cid000002307	R01
cid000002307	R03
cid000026000	C01
cid000010576	G03
cid000062179	N05
cid000123620	D07
cid000123620	R01
cid000123620	R03
cid000003069	S01
cid000007628	S02
cid000002119	C07
cid000003350	D11
cid000003350	G04
cid000036523	H01
cid000036523	V04
cid000004689	A07
cid000014669	N05
cid000004894	A07
cid000004894	C05
cid000004894	D07
cid000004894	H02
cid000004894	R01
cid000004894	S01
cid000004894	S02
cid000004894	S03
cid000005572	N04
cid000002467	C04
cid000003195	C04
cid000003661	S01
cid000000191	J05
cid000000191	S01
cid000003780	C01
cid000003780	C05
cid000004603	J05
cid000005524	R01
cid000004506	N05
cid000003065	C04
cid000002996	C01
cid000107688	V03
cid016131294	J01
cid000000247	A16
cid000004677	A11
cid000000718	C01
cid000009303	V08
cid000002752	C08
cid000004868	A07
cid000004868	J01
cid000004868	S01
cid000004868	S02
cid000004868	S03
cid000011498	C01
cid000007017	D08
cid000020977	D08
cid000052421	D07
cid000019596	J01
cid000003640	A01
cid000003640	A07
cid000003640	C05
cid000003640	D07
cid000003640	H02
cid000003640	S01
cid000003640	S02
cid000004740	C04
cid000005718	J05
cid000002512	G02
cid000002512	N04
cid000005291	L01
cid000002653	J01
cid000001978	C07
cid000005452	N05
cid000004844	L01
cid000003948	J01
cid000003948	S01
cid000004943	N01
cid000031083	B03
cid000002577	L01
cid009989226	D10
cid000000450	G03
cid000003793	J02
cid000004034	R06
cid000022525	P02
cid000002309	S01
cid000000001	N06
cid000068093	N02
cid000056016	V08
cid000065014	L03
cid000071898	R01
cid000003609	R03
cid000006481	R05
cid000006238	G03
cid027233777	A01
cid027233777	D06
cid027233777	J01
cid027233777	S01
cid000005408	G03
cid000004993	P01
cid000005035	G03
cid000003475	A10
cid000002712	N05
cid000003203	J05
cid000031388	D08
cid000060834	N06
cid000004581	C01
cid000002622	J01
cid000002895	M03
cid000027020	D08
cid000006093	P02
cid000151165	A04
cid005361917	A06
cid000001986	S01
cid000004764	A06
cid000003397	L02
cid019105621	D08
cid000022378	N01
cid000044112	C07
cid000072111	A07
cid000072111	D06
cid000002444	R06
cid000005405	R06
cid000216235	C02
cid000004173	A01
cid000004173	D06
cid000004173	G01
cid000004173	J01
cid000004173	P01
cid016129703	B01
cid000025960	A12
cid000004087	C01
cid000003372	N05
cid000004626	N06
cid000004781	M01
cid000004781	M02
cid000030768	N05
cid000004178	C01
cid000004060	N03
cid000004771	A08
cid000004272	L04
cid005479141	L03
cid000004510	C01
cid000004510	C05
cid000003241	R06
cid000003241	S01
cid000030949	C04
cid000026388	A04
cid000000596	L01
cid000051711	N06
cid000003698	C01
cid000004727	M01
cid000002569	L01
cid000061791	N02
cid000110635	G04
cid000002631	J01
cid000060852	M05
cid000005354	C04
cid000007186	M03
cid000001072	A11
cid000002610	J01
cid000023576	C02
cid000074989	P01
cid000021109	C01
cid000060853	N05
cid000054454	C10
cid000008554	P03
cid000016957	D08
cid000024424	A12
cid000004528	N06
cid000023991	N01
cid000004075	A07
cid000029088	B01
cid000003871	A06
cid000003063	N02
cid000004749	C01
cid000010311	P01
cid000060146	G04
cid000042261	A03
cid000002274	J01
cid000002522	D05
cid000072416	P01
cid000000587	C01
cid000021855	D04
cid000021855	R06
cid006446788	G01
cid006446788	P01
cid000452550	D06
cid000452550	R02
cid000452550	S01
cid000003269	G03
